基金名稱,是複委託
兆豐ESG台美永續雙盈多重資產基金 (本基金有相當比重投資於非投資等級之高風險債券且配息來源可能為本金),TRUE
兆豐全球尖端科技多重資產基金 (本基金之配息來源可能為本金),TRUE
兆豐台美動能股債平衡ETF基金 (基金之配息來源可能為收益平準金),TRUE
兆豐台灣豐收主動式 ETF基金 (基金之配息來源可能為收益平準金),FALSE
兆豐美國戰略智造多重資產基金 (本基金有相當比重投資於非投資等級之高風險債券且配息來源可能為本金),TRUE
兆豐第一基金,FALSE
兆豐萬全基金,FALSE
兆豐全球基金,TRUE
兆豐國民基金 ((基金之配息來源可能為收益平準金)),FALSE
兆豐豐台灣基金,FALSE
兆豐生命科學基金,TRUE
兆豐中國A股基金,TRUE
兆豐臺灣藍籌30ETF基金,FALSE
兆豐電子基金,FALSE
兆豐中國內需A股基金,TRUE
兆豐台灣先進通訊基金,FALSE
兆豐台灣金傳精選股息基金,FALSE
兆豐全球元宇宙科技基金,TRUE
兆豐洲際半導體ETF基金,TRUE
兆豐特選台灣晶圓製造ETF基金,FALSE
兆豐台灣產業龍頭存股等權重ETF基金 (本基金之配息來源可能為收益平準金),FALSE
兆豐日本優勢多重資產基金 (本基金之配息來源可能為本金),TRUE
兆豐收益增長多重資產基金 (本基金之配息來源可能為本金),TRUE
兆豐台灣ESG永續高股息等權重 ETF 基金 (基金之配息來源可能為收益平準金且本基金並無保證收益及配息),FALSE
兆豐台灣電子成長高息等權重ETF基金 (基金之配息來源可能為收益平準金且本基金並無保證收益及配息),FALSE
第一金量化日本基金,TRUE
第一金美元優選收益非投資等級債券ETF基金 (本基金之配息來源可能為收益平準金),TRUE
第一金台股趨勢優選主動式ETF基金 (本基金配息來源可能為收益平準金),FALSE
第一金台股趨勢優股息主動式ETF基金 (本基金並無保證收益及配息且配息來源可能為收益平準金),FALSE
第一金全球大趨勢基金,TRUE
第一金亞洲科技基金,TRUE
第一金電子基金,FALSE
第一金店頭市場基金,FALSE
第一金中國世紀基金,TRUE
第一金亞洲新興市場基金,TRUE
第一金創新趨勢基金,FALSE
第一金全球AI機器人及自動化產業基金,TRUE
第一金全球AI FinTech金融科技基金,TRUE
第一金全球水電瓦斯及基礎建設收益基金 (本基金之配息來源可能為本金),TRUE
第一金臺灣工業菁英30 ETF基金 (本基金配息來源可能為收益平準金),FALSE
第一金全球AI精準醫療基金,TRUE
第一金全球AI人工智慧基金,TRUE
第一金小型精選基金,FALSE
第一金彭博美國10年期以上金融債券指數ETF基金,TRUE
第一金全球Fitness健康瘦身基金,TRUE
第一金全球eSports電競基金,TRUE
第一金台灣核心戰略建設基金 (本基金配息來源可能為本金),FALSE
第一金太空衛星ETF基金,TRUE
第一金全球永續影響力投資多重資產基金 (本基金有一定比重得投資於非投資等級之高風險債券且配息來源可能為本金或收益平準金),TRUE
第一金中概平衡基金,FALSE
匯豐超核心優化多重資產基金 (本基金有相當比重投資於非投資等級之高風險債券且本基金配息來源可能為本金及收益平準金),TRUE
匯豐AI人型機器人多重資產基金 (本基金有相當比重投資於非投資等級之高風險債券且本基金配息來源可能為本金),TRUE
匯豐安富基金,FALSE
匯豐龍鳳基金,FALSE
匯豐中國動力基金,TRUE
匯豐中國A股匯聚基金,TRUE
匯豐金磚動力基金,TRUE
匯豐新鑽動力基金,TRUE
匯豐全球關鍵資源基金,TRUE
匯豐台灣精典基金 (本基金配息來源可能為本金),FALSE
匯豐成功基金,FALSE
匯豐全球基礎建設收益基金 (本基金配息來源可能為本金及收益平準金),TRUE
匯豐龍騰電子基金,FALSE
匯豐超核心多重資產基金 (本基金有相當比重投資於非投資等級之高風險債券且本基金配息來源可能為本金及收益平準金),TRUE
元大全球航太與防衛科技ETF基金,TRUE
元大優息10年期以上美國政府債券ETF基金 (本基金之配息來源可能為收益平準金且並無保證收益及配息),TRUE
元大零息超長期美國政府債券ETF基金,TRUE
元大優息10年期以上已開發市場投資級美元公司債券ETF基金 (本基金之配息來源可能為收益平準金且並無保證收益及配息),TRUE
元大全球航太與防衛科技ETF連結基金,FALSE
元大標普500ETF連結基金,FALSE
元大全球AI新經濟主動式ETF基金,TRUE
元大納斯達克100增強成長精選ETF基金,TRUE
元大優質收益成長多重資產基金 (本基金之配息來源可能為本金),TRUE
元大2001基金,FALSE
元大多福基金,FALSE
元大全球農業商機基金,TRUE
元大新主流基金,FALSE
元大店頭基金,FALSE
元大新中國基金,TRUE
元大大中華價值指數基金,TRUE
元大標智滬深300基金,TRUE
元大印度基金,TRUE
元大新興亞洲基金,TRUE
元大印尼指數基金,TRUE
元大巴西指數基金,TRUE
元大富櫃50基金,FALSE
元大摩臺基金,FALSE
元大上證50基金,TRUE
元大台灣50單日正向2倍基金 (本基金為策略交易型產品且投資具有槓桿操作風險，故本基金不適合長期持有，僅符合臺灣證券交易所訂適格條件之投資人始得交易),FALSE
元大大中華TMT基金,TRUE
元大滬深300單日正向2倍基金 (本基金為策略交易型產品且投資具有槓桿操作風險，故本基金不適合長期持有，僅符合臺灣證券交易所訂適格條件之投資人始得交易),TRUE
元大全球股票入息基金 (本基金之配息來源可能為本金且並無保證收益及配息),TRUE
元大標普500基金,TRUE
元大日經225基金,TRUE
元大歐洲50基金,TRUE
元大新東協平衡基金 (本基金有相當比重投資於非投資等級之高風險債券),TRUE
元大美國政府20年期(以上)債券基金 (本基金之配息來源可能為收益平準金),TRUE
元大美國政府7至10年期債券基金,TRUE
元大亞太優質高股息100指數基金 (基金之收益分配由經理公司得依收益之情況自行決定當季配息型受益權單位配息與否及分配之金額，故每季分配之金額並非一定相同且並無保證收益及配息),TRUE
元大台灣高股息低波動ETF基金 (本基金之配息來源可能為收益平準金且並無保證收益及配息),FALSE
元大20年期以上BBB級美元公司債券ETF基金 (本基金之配息來源可能為收益平準金),TRUE
元大美國政府1至3年期債券ETF基金,TRUE
元大亞太成長基金,TRUE
元大台灣中型100基金,FALSE
元大台灣金融基金,FALSE
元大台灣電子科技基金,FALSE
元大台灣高股息基金 (本基金之配息來源可能為收益平準金且並無保證收益及配息),FALSE
元大MSCI中國A股國際通ETF基金,TRUE
元大20年期以上AAA至A級美元公司債券ETF基金 (本基金之配息來源可能為收益平準金),TRUE
元大全球人工智慧ETF基金,TRUE
元大標普美國高息特別股ETF基金 (本基金並無保證收益及配息),TRUE
元大10年期以上美元投資級銀行債券ETF基金,TRUE
元大10年期以上美元投資級醫療保健債券ETF基金,TRUE
元大10年期以上美元投資級公共事業電能債券ETF基金,TRUE
元大台灣高股息ETF連結基金 (本基金並無保證收益及配息),FALSE
元大台灣卓越50ETF連結基金,FALSE
元大富櫃50ETF連結基金,FALSE
元大臺灣ESG永續ETF基金 (本基金之配息來源可能為收益平準金),FALSE
元大全球未來通訊ETF基金,TRUE
元大15年期以上新興市場主權債ETF基金 (本基金之配息來源可能為收益平準金),TRUE
元大台灣高股息優質龍頭基金 (本基金之配息來源可能為收益平準金且並無保證收益及配息),FALSE
元大全球5G關鍵科技ETF基金,TRUE
元大高科技基金,FALSE
元大經貿基金,FALSE
元大全球優質龍頭平衡基金,TRUE
元大多多基金,FALSE
元大卓越基金,FALSE
元大日本龍頭企業基金,TRUE
元大台灣高股息低波動ETF連結基金 (本基金之配息來源可能為收益平準金且並無保證收益及配息),FALSE
元大臺灣ESG永續ETF連結基金 (本基金之配息來源可能為收益平準金),FALSE
元大臺灣價值高息ETF基金 (本基金之配息來源可能為收益平準金且並無保證收益及配息),FALSE
元大台灣卓越50基金,FALSE
元大台灣加權股價指數基金,FALSE
景順全球康健基金,TRUE
景順主流基金,FALSE
景順台灣科技基金,FALSE
景順潛力基金,FALSE
景順全球科技基金 (本基金配息來源可能為本金),TRUE
瀚亞亞洲科技資本家股票基金 (本基金配息來源可能為本金),TRUE
瀚亞環球智慧數據股息基金 (本基金配息來源可能為本金且基金並無保證收益及配息),TRUE
瀚亞非洲基金 (本基金之配息來源可能為本金),TRUE
瀚亞美國高科技基金,TRUE
瀚亞歐洲基金,TRUE
瀚亞理財通基金 (本基金配息來源可能為本金),FALSE
瀚亞印度基金 (本基金配息來源可能為本金),TRUE
瀚亞巴西基金,TRUE
瀚亞中國A股基金,TRUE
瀚亞亞太豐收平衡基金 (本基金有相當比重投資於非投資等級之高風險債券且配息來源可能為本金),TRUE
瀚亞策略印度傘型基金之印度策略收益平衡基金 (本子基金有相當比重投資於非投資等級之高風險債券且配息來源可能為本金),TRUE
瀚亞亞太高股息基金 (本基金配息來源可能為本金且基金並無保證收益及配息),TRUE
瀚亞亞太基礎建設基金,TRUE
瀚亞2030目標日期收益優化多重資產基金 (本基金配息來源可能為本金),TRUE
瀚亞中小型股基金,FALSE
瀚亞2031目標日期收益成長多重資產基金 (本基金配息來源可能為本金),TRUE
瀚亞高科技基金,FALSE
瀚亞外銷基金,FALSE
瀚亞菁華基金,FALSE
玉山臺灣市值動能50 ETF 基金 (本基金之配息可能為收益平準金),FALSE
玉山全球跨國藍籌100ETF基金 (本基金之配息來源可能為收益平準金),TRUE
玉山美元嚴選非投資等級債券ETF基金 (本基金之配息來源可能為收益平準金),TRUE
玉山高成長基金,FALSE
玉山全球消費商機基金,TRUE
玉山全球醫療生化基金,TRUE
玉山新世紀基金,FALSE
玉山金平衡基金 (本基金有相當比重投資於非投資等級之高風險債券),FALSE
玉山拉丁美洲基金,TRUE
玉山中國品牌基金,TRUE
玉山中國中小基金,TRUE
玉山中國好時平衡基金 (本基金有相當比重投資於非投資等級之高風險債券且基金之配息來源可能為本金),TRUE
玉山全球資源基金,TRUE
玉山全球基礎建設基金,TRUE
玉山科技島基金,FALSE
玉山大中華基金,TRUE
玉山中小型股基金,FALSE
玉山全球新供應鏈基金 (本基金之配息來源可能為本金),TRUE
玉山全球生態友善ESG多重資產基金 (本基金有相當比重投資於非投資等級之高風險債券且基金之配息來源可能為本金),TRUE
玉山金滿意基金,FALSE
玉山亞太基金,TRUE
玉山店頭市場基金,FALSE
玉山全球中小基金,TRUE
統一全球15年以上BBB優選ESG公司債ETF基金 (基金之配息來源可能為收益平準金),FALSE
統一優選低波多重資產基金 (基金之配息來源可能為本金及收益平準金),FALSE
統一台股增長主動式ETF基金 (基金之配息來源可能為收益平準金),FALSE
統一美國50ETF 基金 (基金之配息來源可能為收益平準金),TRUE
統一全球創新主動式ETF基金 (基金之配息來源可能為收益平準金),TRUE
統一台股升級50主動式ETF基金 (基金之配息來源可能為收益平準金),FALSE
統一全天候基金,FALSE
統一大滿貫基金,FALSE
統一亞太基金,TRUE
統一大龍印基金,TRUE
統一大中華中小基金,TRUE
統一新亞洲科技能源基金,TRUE
統一亞洲大金磚基金,TRUE
統一大龍騰中國基金,TRUE
統一全球新科技基金,TRUE
統一全球動態多重資產基金 (基金有相當比重投資於非投資等級之高風險債券且基金之配息來源可能為本金),TRUE
統一強漢基金,TRUE
統一台灣動力基金,FALSE
統一大東協高股息基金,TRUE
統一NYSE FANG+ ETF基金,TRUE
統一奔騰基金,FALSE
統一彭博10年期以上Aa至A級美元優質公司債券ETF基金 (基金之配息來源可能為收益平準金),FALSE
統一全球智聯網AIoT基金,TRUE
統一統信基金,FALSE
統一經建基金,FALSE
統一黑馬基金,FALSE
統一龍馬基金,FALSE
統一彭博美國20年期以上公債ETF基金 (基金之配息來源可能為收益平準金),FALSE
統一台灣高息優選基金 (本基金並無保證收益及配息，配息來源可能為本金及收益平準金),FALSE
統一台灣高息動能ETF基金 (本基金並無保證收益及配息，配息來源可能為收益平準金),FALSE
統一中小基金,FALSE
富邦台灣優質多重資產基金,FALSE
富邦台灣旗艦動能50ETF基金 (本基金之配息來源可能為收益平準金),FALSE
富邦台灣淨零轉型ESG50 ETF基金 (本基金之配息來源可能為收益平準金),FALSE
富邦雙核心戰略多重資產基金 (本基金有相當比重投資於非投資等級之高風險債券且配息來源可能為本金及收益平準金),TRUE
富邦優選收益傘型基金之富邦環球動態入息投資級債主動式ETF基金 (本基金之配息來源可能為收益平準金且基金並無保證收益及配息),TRUE
富邦優選收益傘型基金之富邦環球複合優選收益債主動式ETF基金 (本基金有一定比重得投資於非投資等級之高風險債券且基金之配息來源可能為收益平準金且基金並無保證收益及配息),TRUE
富邦美國傘型基金之富邦NASDAQ-100指數基金 (本基金之配息來源可能為本金及收益平準金),TRUE
富邦美國傘型基金之富邦標普500指數基金 (本基金之配息來源可能為本金及收益平準金),TRUE
富邦美國傘型基金之富邦標普500 ETF基金 (本基金之配息來源可能為收益平準金),TRUE
富邦台灣龍耀主動式ETF基金 (本基金之配息來源可能為收益平準金),FALSE
富邦基金,FALSE
富邦精選五虎基金,FALSE
富邦台灣心基金,FALSE
富邦高科技基金,FALSE
富邦日盛基金,FALSE
富邦精銳中小基金,FALSE
富邦MIT主流基金,FALSE
富邦中國內需動力基金,TRUE
富邦上証180基金,TRUE
富邦台灣釆吉50基金 (本基金之配息來源可能為收益平準金),FALSE
富邦中國ETF傘型基金之富邦上証180單日正向兩倍基金,TRUE
富邦深証100基金,TRUE
富邦日本東証基金 (本基金採匯率避險),TRUE
富邦印度ETF傘型基金之富邦印度NIFTY基金,TRUE
富邦NASDAQ-100基金,TRUE
富邦中國戰略A股基金,TRUE
富邦恒生國企ETF基金,TRUE
富邦歐亞絲路多重資產型基金 (本基金有相當比重投資於非投資等級之高風險債券且配息來源可能為本金),TRUE
富邦臺灣公司治理100基金,FALSE
富邦富時歐洲ETF基金,TRUE
富邦標普美國特別股ETF基金,TRUE
富邦台灣科技指數基金 (本基金之配息來源可能為收益平準金),FALSE
富邦大中華成長基金,TRUE
富邦亞洲機會基金,TRUE
富邦首選基金,FALSE
富邦全球抗暖化基金 (本基金非屬環境、社會及治理相關主題基金),TRUE
富邦台灣ETF傘型基金之富邦台灣摩根指數股票型基金,FALSE
富邦道瓊臺灣優質高息30ETF基金 (本基金之配息來源可能為收益平準金且基金並無保證收益及配息),FALSE
富邦臺灣中小A級動能50ETF基金,FALSE
富邦全球智能車基金,TRUE
富邦AI智能新趨勢多重資產型基金 (本基金有相當比重投資於非投資等級之高風險債券),TRUE
富邦小而美基金,FALSE
富邦多元收益ⅡETF傘型基金之富邦中國中証中小500ETF基金,TRUE
富邦上選基金,FALSE
富邦高成長基金,FALSE
富邦科技基金,FALSE
富邦台灣高股息基金 (本基金並無保證收益及配息),FALSE
富邦富時越南ETF基金,TRUE
富邦台灣永續成長股息基金,FALSE
富邦台灣核心半導體ETF基金,FALSE
富邦未來車ETF基金,TRUE
富邦基因免疫生技ETF基金,TRUE
富邦越南機會基金,TRUE
富邦特選台灣高股息30ETF基金 (本基金之配息來源可能為收益平準金且基金並無保證收益及配息),FALSE
富邦元宇宙ETF基金,TRUE
富邦全球入息不動產與基礎建設ETF基金,TRUE
富邦台美雙星多重資產基金 (本基金有相當比重投資於非投資等級之高風險債券且配息來源可能為本金),TRUE
富邦全球ESG綠色電力ETF基金,TRUE
富邦精準基金,FALSE
富邦長紅基金,FALSE
富邦全球關鍵半導體基金,TRUE
富邦新台商基金,FALSE
摩根大美國領先收成多重資產基金 (本基金有相當比重投資於非投資等級之高風險債券且配息來源可能為本金或收益平準金),TRUE
摩根大美國領先科技主動式ETF基金 (本基金之配息來源可能為收益平準金),TRUE
摩根台灣鑫收益主動式ETF基金 (本基金之配息來源可能為收益平準金),FALSE
摩根台灣增長基金,FALSE
摩根東方內需機會基金,TRUE
摩根金龍收成基金,TRUE
摩根平衡基金,FALSE
摩根東方科技基金,TRUE
摩根亞太高息平衡基金 (本基金之配息來源可能為本金且並無保證收益及配息),TRUE
摩根中國亮點基金,TRUE
摩根台灣金磚基金,FALSE
摩根新金磚五國基金,TRUE
摩根全球創新成長基金,TRUE
摩根中國A股基金,TRUE
摩根泛亞太股票入息基金 (本基金之配息來源可能為本金且並無保證收益及配息),TRUE
摩根新興雙利平衡基金 (本基金有相當比重投資於非投資等級之高風險債券且配息來源可能為本金),TRUE
摩根中國雙息平衡基金 (本基金有相當比重投資於非投資等級之高風險債券且配息來源可能為本金且並無保證收益及配息),TRUE
摩根環球股票收益基金 (本基金之配息來源可能為本金),TRUE
摩根絕對日本基金,TRUE
摩根新興35基金,TRUE
摩根新絲路基金,TRUE
摩根大歐洲基金,TRUE
摩根中小基金,FALSE
摩根新興日本基金,TRUE
摩根新興科技基金,FALSE
摩根亞洲基金,TRUE
摩根龍揚基金,TRUE
摩根全球平衡基金,TRUE
華南永昌全球科技多重資產基金 (本基金有相當比重投資於非投資等級之高風險債券且本基金之配息來源可能為本金),TRUE
華南永昌台灣優選50ETF基金 (本基金之配息來源可能為收益平準金),FALSE
華南永昌NASDAQ 100科技ETF基金,TRUE
華南永昌全球未來金融優選30 ETF基金,TRUE
華南永昌永昌基金,FALSE
華南永昌中國A股基金,TRUE
華南永昌多重資產入息平衡基金 (本基金之配息來源可能為本金),TRUE
華南永昌全球物聯網精選基金,TRUE
華南永昌全球精品基金,TRUE
華南永昌低波動多重資產基金,TRUE
華南永昌台灣環境永續高股息指數基金,FALSE
華南永昌未來科技基金,FALSE
群益優選收益非投資等級債券ETF基金 (本基金之配息來源可能為收益平準金),TRUE
群益印美戰略多重資產基金 (本基金有相當比重投資於非投資等級之高風險債券且基金之配息來源可能為本金),TRUE
群益台灣精選強棒主動式ETF基金 (本基金之配息來源可能為收益平準金),FALSE
群益0-5年期ESG投資等級公司債ETF基金 (本基金之配息來源可能為收益平準金),TRUE
群益標普500ETF基金 (本基金之配息來源可能為收益平準金),TRUE
群益台灣科技創新主動式ETF基金 (本基金之配息來源可能為收益平準金),FALSE
群益美國增長主動式ETF基金 (本基金之配息來源可能為收益平準金),TRUE
群益美國科技巨頭ETF基金,TRUE
群益真善美基金,FALSE
群益平衡王基金,FALSE
群益創新科技基金,FALSE
群益店頭市場基金,FALSE
群益東方盛世基金,TRUE
群益華夏盛世基金,TRUE
群益印巴雙星基金,TRUE
群益東協成長基金,TRUE
群益印度中小基金,TRUE
群益大中華雙力優勢基金,TRUE
群益安家基金,FALSE
群益美國新創亮點基金,TRUE
群益全球關鍵生技基金,TRUE
群益中國新機會基金,TRUE
群益工業國入息基金 (本基金之配息來源可能為本金),TRUE
群益中國金采平衡基金 (本基金有相當比例投資於非投資等級之高風險債券且配息來源可能為本金),TRUE
群益深証中小100基金,TRUE
群益大印度基金,TRUE
群益金選報酬平衡基金 (本基金有相當比例投資於非投資等級之高風險債券且配息來源可能為本金),TRUE
群益那斯達克生技基金,TRUE
群益全球特別股收益基金 (本基金之配息來源可能為本金),TRUE
群益道瓊美國地產ETF基金,TRUE
群益15年期以上電信業公司債ETF基金 (本基金之配息來源可能為收益平準金),TRUE
群益15年期以上科技業公司債ETF基金 (本基金之配息來源可能為收益平準金),TRUE
群益10年期以上金融債ETF基金 (本基金之配息來源可能為收益平準金),TRUE
群益奧斯卡基金,FALSE
群益葛萊美基金,FALSE
群益亞太新趨勢平衡基金,TRUE
群益新興金鑽基金,TRUE
群益2028 REVERSO美元保本基金 (保護型保本基金；保本比率為本金之115%，但投資人於基金到期日前提出買回申請，到期前之買回淨值不保證會高於基金保本率或發行價格),TRUE
群益15年期以上公用事業公司債ETF 基金,TRUE
群益15年期以上高評等公司債ETF 基金,TRUE
群益15年期以上新興市場主權債ETF基金 (本基金之配息來源可能為收益平準金),TRUE
群益潛力收益多重資產基金 (本子基金有相當比重投資於非投資等級之高風險債券且基金之配息來源可能為本金),TRUE
群益25年期以上美國政府債券ETF基金 (本基金之配息來源可能為收益平準金),TRUE
群益15年期以上A級美元公司債ETF基金 (本基金之配息來源可能為收益平準金),TRUE
群益15年期以上AAA-A醫療保健業美元公司債ETF基金,TRUE
群益1-5年期投資等級公司債ETF基金,TRUE
群益0-1年期美國政府債券ETF基金,TRUE
群益長安基金,FALSE
群益台灣精選高息ETF基金 (本基金之配息來源可能為收益平準金且基金並無保證收益及配息),FALSE
群益智慧聯網電動車基金,TRUE
群益台灣ESG低碳50ETF基金 (本基金之配息來源可能為收益平準金),FALSE
群益台灣半導體收益ETF基金 (本基金之配息來源可能為收益平準金),FALSE
群益中小型股基金,FALSE
群益優化收益成長多重資產基金 (本基金有相當比重投資於非投資等級之高風險債券且基金之配息來源可能為本金),TRUE
群益ESG 20年期以上BBB投資等級公司債ETF基金 (本基金之配息來源可能為收益平準金),TRUE
群益台灣科技高息成長ETF基金 (本基金之配息來源可能為收益平準金且基金並無保證收益及配息),FALSE
群益馬拉松基金,FALSE
台中銀數位時代基金 (本基金配息來源可能為本金),FALSE
台中銀中國精選成長基金,TRUE
台中銀台灣優息基金,FALSE
台中銀大發基金 (本基金配息來源可能為本金),FALSE
聯博投資等級債入息主動式ETF基金 (本基金有一定比重得投資於非投資等級之高風險債券，配息來源可能為收益平準金且並無保證收益及配息),TRUE
聯博優選全球非投資等級債券主動式ETF基金 (本基金主要投資於非投資等級之高風險債券，配息來源可能為收益平準金且並無保證收益及配息),TRUE
聯博台灣動能收益50 主動式ETF基金 (本基金配息來源可能為收益平準金),FALSE
聯博多重資產傘型基金之聯博歐洲多重資產基金 (本基金得投資於非投資等級之高風險債券且配息來源可能為本金及收益平準金),TRUE
聯博多重資產傘型基金之聯博亞太多重資產基金 (本基金得投資於非投資等級之高風險債券且配息來源可能為本金及收益平準金),TRUE
聯博中國A股基金,TRUE
聯博美國傘型基金之聯博美國多重資產收益基金 (本基金得投資於非投資等級之高風險債券且配息來源可能為本金),TRUE
聯博美國傘型基金之聯博美國成長入息基金 (本基金配息來源可能為本金且並無保證收益及配息),TRUE
聯博大利基金,FALSE
柏瑞日本多重資產基金 (本基金配息來源可能為本金),TRUE
柏瑞美利堅多重資產收益基金 (本基金有相當比重投資於非投資等級之高風險債券且配息來源可能為本金),TRUE
柏瑞巨人基金,FALSE
柏瑞亞洲亮點股票基金,FALSE
柏瑞特別股息收益基金 (本基金並無保證收益及配息且配息來源可能為本金),TRUE
柏瑞多重資產特別收益基金 (本基金有相當比重投資於非投資等級之高風險債券且配息來源可能為本金),TRUE
柏瑞拉丁美洲基金,TRUE
柏瑞中國A股量化精選基金,TRUE
柏瑞新興動態多重資產基金 (本基金有相當比重投資於非投資等級之高風險債券且配息來源可能為本金),FALSE
柏瑞ESG量化多重資產基金 (本基金有相當比重投資於非投資等級之高風險債券且配息來源可能為本金),TRUE
柏瑞ESG量化全球股票收益基金 (本基金配息來源可能為本金),TRUE
柏瑞趨勢動態多重資產基金 (本基金有相當比重投資於非投資等級之高風險債券且配息來源可能為本金),TRUE
柏瑞ESG減碳全球股票基金,FALSE
柏瑞利率對策多重資產基金 (本基金有相當比重投資於非投資等級之高風險債券且配息來源可能為本金),TRUE
柏瑞科技多重資產基金 (本基金有相當比重投資於非投資等級之高風險債券且配息來源可能為本金),TRUE
復華台灣未來50主動式ETF基金 (基金之配息來源可能為收益平準金),FALSE
復華全球金融股票入息主動式ETF基金 (基金之配息來源可能為收益平準金且該基金並無保證收益及配息),TRUE
復華全球金融債券入息主動式ETF基金 (本基金有一定比重得投資於非投資等級之高風險債券且本基金並無保證收益及配息),TRUE
復華台灣菁英50指數基金,FALSE
復華全球創新金融指數基金,TRUE
復華全球AI動力成長指數基金,TRUE
復華全球大趨勢基金,TRUE
復華華人世紀基金,TRUE
復華人生目標基金,FALSE
復華傳家基金,FALSE
復華數位經濟基金,FALSE
復華傳家二號基金,FALSE
復華中小精選基金,FALSE
復華全方位基金,FALSE
復華全球原物料基金,TRUE
復華大中華中小策略基金,TRUE
復華東協世紀基金,TRUE
復華滬深300 A股基金,TRUE
復華全球消費基金,TRUE
復華美國新星基金,TRUE
復華中國新經濟平衡基金 (本基金有相當比重投資於非投資等級之高風險債券且基金之配息來源可能為本金),TRUE
復華中國新經濟A股基金,TRUE
復華全球物聯網科技基金,TRUE
復華1至5年期非投資等級債券基金 (基金之配息來源可能為收益平準金),TRUE
復華富時不動產證券化基金 (基金之配息來源可能為收益平準金),TRUE
復華新興市場10年期以上債券基金 (基金之配息來源可能為收益平準金),TRUE
復華亞太平衡基金 (本基金有相當比重投資於非投資等級之高風險債券),TRUE
復華亞太成長基金,TRUE
復華亞太神龍科技基金,TRUE
復華富時台灣高股息低波動基金 (基金之配息來源可能為收益平準金且本基金並無保證收益及配息),FALSE
復華15年期以上製藥業債券ETF基金 (基金之配息來源可能為收益平準金),TRUE
復華15年期以上能源業債券ETF基金 (基金之配息來源可能為收益平準金),TRUE
復華新興市場企業債券ETF基金 (基金之配息來源可能為收益平準金),TRUE
復華高成長基金,FALSE
復華美國20年期以上公債ETF基金 (基金之配息來源可能為收益平準金),TRUE
復華1至5年期美元特選信用債券ETF基金 (基金之配息來源可能為收益平準金),TRUE
復華20年期以上A3級以上公司債券ETF基金 (基金之配息來源可能為收益平準金),TRUE
復華美元非投資等級債券指數基金 (基金之配息來源可能為本金),TRUE
復華5至10年期投資等級債券指數基金,TRUE
復華已開發國家300股票指數基金,TRUE
復華美國標普500低波動指數基金,TRUE
復華新興亞洲3至10年期美元債券指數基金 (本基金有相當比重投資於非投資等級之高風險債券),TRUE
復華新興市場3年期以上美元主權及類主權債券指數基金 (本基金有相當比重投資於非投資等級之高風險債券),TRUE
復華中國5G通信ETF基金,TRUE
復華復華基金,FALSE
復華台灣好收益基金,FALSE
復華美國標普500成長ETF基金,TRUE
復華台灣科技優息ETF基金 (基金之配息來源可能為收益平準金且本基金並無保證收益及配息),FALSE
復華台灣科技高股息基金 (基金之配息來源可能為本金及收益平準金且本基金並無保證收益及配息),FALSE
復華日本護城河優勢龍頭企業ETF基金,TRUE
復華全球平衡基金 (本基金有相當比重投資於非投資等級之高風險債券),TRUE
復華神盾基金,FALSE
永豐15年期以上ESG投資等級美元銀行債ETF基金 (本基金之配息來源可能為收益平準金),TRUE
永豐台灣科技趨勢主動式ETF基金 (本基金之配息來源可能為收益平準金),FALSE
永豐中小基金,FALSE
永豐趨勢平衡基金,FALSE
永豐亞洲民生消費基金,TRUE
永豐臺灣加權ETF基金,FALSE
永豐中國經濟建設基金,TRUE
永豐滬深300紅利指數基金,TRUE
永豐主流品牌基金,TRUE
永豐領航科技基金,FALSE
永豐10年期以上美元A級公司債券ETF基金,TRUE
永豐1至3年期美國公債ETF基金,TRUE
永豐20年期以上美國公債ETF基金,TRUE
永豐美國大型500股票ETF基金,TRUE
永豐臺灣ESG永續優選基金,FALSE
永豐永豐基金,FALSE
永豐中國科技50大ETF基金,TRUE
永豐台灣ESG永續優質ETF基金,FALSE
永豐美國科技ETF基金,TRUE
永豐台灣智能車供應鏈ETF基金,FALSE
永豐台灣優選入息存股ETF基金,FALSE
永豐ESG全球數位基礎建設基金 (本基金配息來源可能為本金),TRUE
永豐台灣ESG低碳高息40ETF基金,FALSE
永豐創新醫療多重資產基金 (本基金有相當比重投資於非投資等級之高風險債券且配息來源可能為本金),TRUE
中國信託日經高股息50 ETF基金 (本子基金之配息來源可能為收益平準金且基金並無保證收益及配息),TRUE
中國信託日本商社及批發ETF基金,TRUE
中國信託日本半導體ETF基金,TRUE
中國信託亞太高股息ETF基金 (本子基金之配息來源可能為收益平準金且基金並無保證收益及配息),TRUE
中國信託全球高股息ETF基金 (本子基金之配息來源可能為收益平準金且本子基金並無保證收益及配息),TRUE
中國信託NASDAQ 100 ETF基金,TRUE
中國信託美國創新科技ETF基金,TRUE
中國信託美國聚焦成長基金,TRUE
中國信託ARK創新主動式ETF基金,TRUE
中國信託價值策略非投資等級債券主動式ETF基金 (本子基金之配息來源可能為收益平準金並無保證收益及配息),TRUE
中國信託策略優利多重資產基金 (本基金有相當比重投資於非投資等級之高風險債券且基金配息來源可能為本金及基金並無保證收益及配息),TRUE
中國信託台灣卓越成長主動式ETF基金,FALSE
中國信託趨勢領袖多重資產基金 (本基金有相當比重投資於非投資等級之高風險債券且基金配息來源可能為本金),TRUE
中國信託美國數據中心及電力ETF 基金,TRUE
中國信託台灣收益成長主動式ETF基金 (基金之配息來源可能為收益平準金且基金並無保證收益及配息),FALSE
中國信託樂齡收益平衡基金 (本基金有相當比重投資於非投資等級之高風險債券且本基金之配息來源可能為本金),TRUE
中國信託台灣活力基金,FALSE
中國信託智慧城市建設基金,TRUE
中國信託MSCI中國外資自由投資50不含A及B股單日正向2倍ETF基金,FALSE
中國信託MSCI中國外資自由投資50不含A及B股ETF基金,TRUE
中國信託10年期以上高評級美元公司債券ETF基金 (本基金之配息來源可能為收益平準金),TRUE
中國信託10年期以上優先順位金融債券ETF基金 (本基金之配息來源可能為收益平準金),TRUE
中國信託美國政府20年期以上債券ETF基金,TRUE
中國信託美國高評級市政債券ETF基金 (本子基金並無保證收益及配息),TRUE
中國信託新興市場0-5年期美元政府債券ETF基金 (本子基金有 一定 比重投資於非投資等級之高風險債券 且基金並無保證收益及配息),TRUE
中國信託新興亞洲(不含中國)美元精選綜合債券ETF基金 (本子基金有一定比重投資於非投資等級之高風險債券且基金並無保證收益及配息),TRUE
中國信託美國政府0至1年期債券ETF基金 (本基金之配息來源可能為收益平準金),TRUE
中國信託10年期以上電信業美元公司債券ETF基金 (本基金之配息來源可能為收益平準金),TRUE
中國信託20年期以上BBB級美元公司債券ETF基金 (本基金之配息來源可能為收益平準金),TRUE
中國信託亞太實質收息多重資產基金 (本基金之配息來源可能為本金),TRUE
中國信託越南機會基金,FALSE
中國信託15年期以上新興市場美元主權低碳債券ETF基金 (本基金非屬環境、社會及治理相關主題基金),TRUE
中國信託恒生中國高股息ETF基金 (本子基金之配息來源可能為收益平準金且基金並無保證收益及配息),TRUE
中國信託臺灣ESG永續關鍵半導體ETF基金,FALSE
中國信託特選小資高價30ETF基金,FALSE
中國信託臺灣綠能及電動車ETF基金 (本基金非屬環境、社會及治理相關主題基金),FALSE
中國信託科技趨勢多重資產基金 (本基金有相當比重投資於非投資等級之高風險債券且本基金之配息來源可能為本金),TRUE
中國信託電池及儲能科技ETF基金,TRUE
中國信託 ESG 碳商機多重資產基金 (本基金有相當比重投資於非投資等級之高風險債券且本基金之配息來源可能為本金),TRUE
中國信託臺灣智慧50ETF基金,FALSE
中國信託特選金融及數據ETF基金,TRUE
中國信託ESG金融收益多重資產基金 (本基金有相當比重投資於非投資等級之高風險債券且本基金之配息來源可能為本金),TRUE
中國信託上櫃ESG 30 ETF基金,FALSE
中國信託成長轉機多重資產基金 (本基金有相當比重投資於非投資等級之高風險債券且本基金之配息來源可能為本金),TRUE
中國信託臺灣優選成長高股息ETF基金 (基金之配息來源可能為收益平準金 且 基金並無保證收益及配息),FALSE
中國信託上游半導體ETF基金,TRUE
中國信託15年期以上已開發市場投資級優化收益ESG美元公司債券ETF基金 (本子基金之配息來源可能為收益平準金並無保證收益及配息),TRUE
宏利台灣動力基金,FALSE
宏利亞太中小企業基金,TRUE
宏利全球動力股票基金,TRUE
宏利精選中華基金,TRUE
宏利特別股息收益基金 (本基金配息來源可能為本金),TRUE
宏利臺灣股息收益基金 (本基金配息來源可能為本金及收益平準金且並無保證收益及配息),FALSE
宏利實質多重資產基金 (本基金有相當比重投資於非投資等級之高風險債券且配息來源可能為本金),TRUE
宏利亞洲收益成長多重資產基金 (本基金有相當比重投資於非投資等級之高風險債券且配息來源可能為本金),TRUE
宏利全球科技基金 (本基金配息來源可能為本金),TRUE
宏利數位基礎設施多重資產基金 (本基金有相當比重投資於非投資等級之高風險債券且配息來源可能為本金),TRUE
貝萊德 iShares 安碩 0-3 月美國國庫證券指數基金 (基金之配息來源可能為本金),TRUE
貝萊德iShares安碩標普500卓越50 ETF基金 (基金之配息來源可能為收益平準金),TRUE
貝萊德iShares安碩收益優化投資等級債主動式ETF基金 (基金有一定比重投資於非投資等級之高風險債券，配息來源可能為收益平準金且並無保證收益及配息),TRUE
貝萊德iShares安碩10年期以上A級美元公司債ETF基金 (基金之配息來源 可能為收益平準金),TRUE
貝萊德寶利基金,FALSE
野村全球科技多重資產基金 (本基金有相當比重投資於非投資等級之高風險債券且配息來源可能為本金),TRUE
野村全球航運龍頭息收ETF基金 (本基金之配息來源可能為收益平準金且並無保證收益及配息),TRUE
野村美日ETF傘型基金之美國創新研發龍頭ETF基金,TRUE
野村美日ETF傘型基金之日本價值動能高息ETF基金 (本基金之配息來源可能為收益平準金且並無保證收益及配息),TRUE
野村臺灣智慧優選主動式ETF基金 (本基金之配息來源可能為收益平準金),FALSE
野村臺灣增強50主動式ETF基金,FALSE
野村日本東證ETF基金,TRUE
野村澳洲10年期以上主權及類主權債券ETF基金 (本基金之配息來源可能為收益平準金),TRUE
野村成長傘型基金之臺灣創新科技50ETF連結基金,FALSE
野村臺灣策略高息主動式ETF基金 (本基金之配息來源可能為收益平準金且並無保證收益及配息),FALSE
野村全球稀土與關鍵資源ETF基金,TRUE
野村臺灣智慧優選主動式ETF連結基金,FALSE
野村鴻運基金,FALSE
野村鴻利基金,FALSE
野村台灣運籌基金,FALSE
野村環球基金,TRUE
野村積極成長基金,FALSE
野村全球品牌基金,TRUE
野村成長基金,FALSE
野村高科技基金,FALSE
野村平衡基金,FALSE
野村ｅ科技基金,FALSE
野村中小基金,FALSE
野村優質基金,FALSE
野村泰國基金,TRUE
野村中國機會基金,TRUE
野村巴西基金,TRUE
野村雙印傘型基金之印度潛力基金,TRUE
野村動態配置多重資產基金 (本基金有相當比重投資於非投資等級之高風險債券且配息來源可能為本金),TRUE
野村日本領先基金,TRUE
野村多元收益多重資產基金 (本基金有相當比重投資於非投資等級之高風險債券且配息來源可能為本金且並無保證收益及配息),TRUE
野村亞太高股息基金 (本基金之配息來源可能為本金且並無保證收益及配息),TRUE
野村全球生技醫療基金,TRUE
野村全球正向效應成長基金 (本基金配息來源可能為本金且非屬環境、社會及治理相關主題基金),TRUE
野村全球基礎建設大未來基金,TRUE
野村環球時機多重資產基金 (本基金有相當比重投資於非投資等級之高風險債券且配息來源可能為本金),TRUE
野村策略轉機多重資產基金 (本基金有相當比重投資於非投資等級之高風險債券且配息來源可能為本金),TRUE
野村臺灣創新科技50ETF基金 (本基金之配息來源可能為收益平準金),FALSE
野村臺灣趨勢動能高股息ETF基金 (本基金之配息來源可能為收益平準金且並無保證收益及配息),FALSE
野村全球高股息基金 (本基金之配息來源可能為本金且並無保證收益及配息),TRUE
野村台灣高股息基金 (本基金之配息來源可能為本金且並無保證收益及配息),FALSE
聯邦台灣精彩50ETF基金 (本基金之配息來源可能為收益平準金),FALSE
聯邦日本收益成長多重資產基金 (本基金配息來源可能為本金),TRUE
聯邦美國金融創新ETF基金 (本基金之配息來源可能為收益平準金),TRUE
聯邦精選科技基金,FALSE
聯邦中國龍基金,FALSE
聯邦環太平洋平衡基金 ((本基金有相當比重投資於非投資等級之高風險債券且基金之配息來源可能為本金)),TRUE
聯邦高息策略多重資產基金 ((本基金有相當比重投資於非投資等級之高風險債券且配息來源可能為本金)),TRUE
聯邦低碳目標多重資產基金,TRUE
聯邦民生基礎建設股票入息基金 ((本基金配息來源可能為本金)),TRUE
聯邦臺灣精選收益多重資產基金 ((本基金配息來源可能為本金)),FALSE
聯邦金鑽平衡基金,FALSE
東方匯理全球多重資產成長收益基金 (本基金有相當比重投資於非投資等級之高風險債券且配息來源可能為本金),TRUE
東方匯理實質收息多重資產基金 (本基金之配息來源可能為本金),TRUE
東方匯理先進醫療科技多重資產基金 (本基金之配息來源可能為本金),TRUE
東方匯理創新趨勢多重資產基金 (本基金之配息來源可能為本金),TRUE
安聯AI收益成長多重資產基金 (本基金有相當比重投資於非投資等級之高風險債券且配息來源可能為本金),TRUE
安聯台灣高息成長主動式ETF基金 (本基金之配息來源可能為收益平準金且基金並無保證收益及配息),FALSE
安聯台灣主動式ETF基金 (本基金之配息來源可能為收益平準金且基金並無保證收益及配息),FALSE
安聯美國科技領航主動式ETF基金 (本基金之配息來源可能為收益平準金),TRUE
安聯全球生技趨勢基金,TRUE
安聯台灣大壩基金,FALSE
安聯台灣科技基金,FALSE
安聯中國策略基金,TRUE
安聯全球油礦金趨勢基金,TRUE
安聯中國東協基金,TRUE
安聯中華新思路基金,TRUE
安聯全球綠能趨勢基金,TRUE
安聯全球股票多元投資風格基金,TRUE
安聯全球農金趨勢基金,TRUE
安聯台灣智慧基金,FALSE
安聯收益成長多重資產基金 (本基金有相當比重投資於非投資等級之高風險債券且配息來源可能為本金),TRUE
安聯特別收益多重資產基金 (本基金有相當比重投資於非投資等級之高風險債券且配息來源可能為本金),TRUE
安聯全球新興市場基金,TRUE
國泰大和日本不動產收息ETF基金 (本基金並無保證收益及配息),TRUE
國泰台股動能高息主動式ETF基金 (基金之配息來源可能為收益平準金且並無保證收益及配息),FALSE
國泰全球多元收益傘型基金之全球收益非投資等級債券ETF基金 (基金之配息來源可能為收益平準金),TRUE
國泰小龍基金,FALSE
國泰科技生化基金,FALSE
國泰國泰基金,FALSE
國泰中小成長基金,FALSE
國泰大中華基金,FALSE
國泰中港台基金,TRUE
國泰新興市場基金,TRUE
國泰中國內需增長基金,TRUE
國泰中國新興戰略基金,TRUE
國泰收益傘型基金之全球多重收益平衡基金 (本基金有相當比重投資於非投資等級之高風險債券且配息來源可能為本金),TRUE
國泰亞洲成長基金,TRUE
國泰富時中國A50基金,TRUE
國泰亞太入息平衡基金 (本基金有相當比重投資於非投資等級之高風險債券，基金並無保證收益及配息且配息來源可能為本金),TRUE
國泰日本ETF傘型基金之日經225基金,TRUE
國泰美國ETF傘型基金之道瓊工業平均指數基金,TRUE
國泰美國債券ETF傘型基金之20年期(以上)美國公債指數基金 (基金之配息來源可能為收益平準金),TRUE
國泰低波動ETF傘型基金之臺灣低波動股利精選30基金 (本基金並無保證收益及配息),FALSE
國泰低波動ETF傘型基金之美國標普500低波動高股息基金 (本基金並無保證收益及配息),TRUE
國泰全球基礎建設基金,TRUE
國泰息收ETF傘型基金之10年期(以上)BBB美元息收公司債券基金 (基金之配息來源可能為收益平準金且本基金並無保證收益及配息),TRUE
國泰息收ETF傘型基金之優選1-5年美元非投資等級債券基金 (本基金並無保證收益及配息),TRUE
國泰息收ETF傘型基金之新興市場5年期(以上)美元息收投資等級債券基金 (基金之配息來源可能為收益平準金且本基金並無保證收益及配息),TRUE
國泰趨勢ETF傘型基金之納斯達克全球人工智慧及機器人基金,TRUE
國泰趨勢ETF傘型基金之臺韓科技基金,TRUE
國泰趨勢ETF傘型基金之富時新興市場基金,TRUE
國泰10年期以上A等級美元公司債券ETF基金 (基金之配息來源可能為收益平準金),TRUE
國泰標普北美科技ETF基金,TRUE
國泰旗艦產業ETF傘型基金之15年期以上A等級公用事業產業債券基金,TRUE
國泰旗艦產業ETF傘型基金之15年期以上A等級科技產業債券基金,TRUE
國泰旗艦產業ETF傘型基金之7-10年A等級金融產業債券基金,TRUE
國泰大三元ETF傘型基金之15年期以上A等級醫療保健產業債券基金,TRUE
國泰大三元ETF傘型基金之美國費城半導體基金,TRUE
國泰美國收益傘型基金之美國短期公債ETF基金,TRUE
國泰美國收益傘型基金之美國多重收益平衡基金 (本基金有相當比重投資於非投資等級之高風險債券且配息來源可能為本金),TRUE
國泰網路資安ETF基金,TRUE
國泰台灣高股息傘型基金之台灣ESG永續高股息ETF基金 (基金之配息來源可能為收益平準金且本基金並無保證收益及配息),FALSE
國泰台灣高股息傘型基金之台灣高股息基金 (本基金並無保證收益及配息),FALSE
國泰台灣科技龍頭ETF基金,FALSE
國泰全球智能電動車ETF基金,TRUE
國泰全球基因免疫與醫療革命ETF基金,TRUE
國泰美國ESG基金,TRUE
國泰全球數位支付服務ETF基金,TRUE
國泰全球品牌50ETF基金 (本基金之配息來源可能為收益平準金),TRUE
國泰台灣領袖 50 ETF 基金 (基金之配息來源可能為收益平準金),FALSE
國泰10年以上投資級金融債券ETF基金 (基金之配息來源可能為收益平準金),TRUE
富達台灣成長基金,FALSE
富達智慧醫療多重資產收益基金 (本基金有相當比重投資於非投資等級之高風險債券且配息來源可能為本金或收益平準金),TRUE
富達未來通訊多重資產收益基金 (本基金有相當比重投資於非投資等級之高風險債券且配息來源可能為本金或收益平準金),TRUE
富達永續減碳商機多重資產收益基金 (本基金有相當比重投資於非投資等級之高風險債券且配息來源可能為本金或收益平準金),TRUE
富達永續全球股票收益基金 (本基金之配息來源可能為本金或收益平準金且並無保證收益及配息),TRUE
德銀遠東DWS台灣旗艦基金,FALSE
德銀遠東DWS全球原物料能源基金,TRUE
凱基全球10年期以上美元A級公司債券ETF基金 (本基金之配息來源可能為收益平準金),TRUE
凱基優選台灣 AI 50 ETF基金 (本基金之配息來源可能為收益平準金),FALSE
凱基美國Top股債平衡ETF基金,TRUE
凱基雙核收息債股平衡ETF基金 (本基金之配息來源可能為收益平準金且基金並無保證收益及配息),TRUE
凱基台灣TOP 50 ETF基金,FALSE
凱基台灣主動式ETF基金,FALSE
凱基開創基金,FALSE
凱基台灣精五門基金,FALSE
凱基新興市場中小基金,TRUE
凱基雲端趨勢基金,TRUE
凱基醫院及長照產業基金,TRUE
凱基台商天下基金,TRUE
凱基全球息收ETF傘型基金之凱基10年期以上新興市場BBB美元主權債及類主權債券ETF基金 (本基金之配息來源可能為收益平準金),TRUE
凱基全球息收ETF傘型基金之凱基10年期以上科技業公司債券ETF基金 (本基金之配息來源可能為收益平準金),TRUE
凱基多元收益ETF傘型基金之凱基15年期以上AAA至A級美元公司債券ETF基金 (本基金之配息來源可能為收益平準金),TRUE
凱基多元收益ETF傘型基金之凱基20年期以上美元金融債券ETF基金 (本基金之配息來源可能為收益平準金),TRUE
凱基多元收益ETF傘型基金之凱基25年期以上美國公債ETF基金 (本基金之配息來源可能為收益平準金),TRUE
凱基精選美元債券ETF傘型基金之凱基15年期以上美元投資等級精選公司債券ETF基金 (本基金之配息來源可能為收益平準金),TRUE
凱基精選美元債券ETF傘型基金之凱基20年期以上AAA至AA級大型美元公司債券ETF基金 (本基金之配息來源可能為收益平準金),TRUE
凱基臺灣多元收益多重資產基金,FALSE
凱基收益成長多重資產基金 (本基金有相當比重投資於非投資等級之高風險債券且配息來源可能為本金),TRUE
凱基未來世代關鍵收息多重資產基金 (本基金之配息來源可能為本金),TRUE
凱基環球傘型基金之凱基 15 年期以上美元 BBB 級 ESG 永續公司債券 ETF 基金 (本基金之配息來源可能為收益平準金),TRUE
凱基環球趨勢基金,TRUE
凱基未來移動基金,TRUE
凱基台灣優選高股息30 ETF基金 (本基金之配息來源可能為收益平準金且基金並無保證收益及配息),FALSE
凱基未來樂活多重資產基金 (本基金有相當比重投資於非投資等級之高風險債券且配息來源可能為本金),TRUE
凱基全球菁英55 ETF基金,TRUE
凱基實質收息多重資產基金 (本基金之配息來源可能為本金),TRUE
凱基台灣優選30 ETF基金 (本基金之配息來源可能為收益平準金),FALSE
凱基美國優選收益非投資等級債券ETF基金 (本基金之配息來源可能為收益平準金),TRUE
施羅德美國成長多重資產基金 (本基金有相當比重投資於非投資等級之高風險債券),FALSE
施羅德台美雙利多重資產基金 (本基金有相當比重投資於非投資等級之高風險債券且配息來源可能為本金),FALSE
施羅德台灣樂活中小基金,FALSE
施羅德全週期成長多重資產基金 (本基金有相當比重投資於非投資等級之高風險債券且基金之配息來源可能為本金),TRUE
街口台灣基金,FALSE
街口全球時尚精品基金,TRUE
街口中小型基金,FALSE
富蘭克林華美臺灣ESG永續高息ETF基金,FALSE
富蘭克林華美20年期以上BBB投資級美元公司債ETF基金 (本基金之配息來源可能為收益平準金),TRUE
富蘭克林華美10年期以上投資級美元金融債ETF基金 (本基金之配息來源可能為收益平準金),TRUE
富蘭克林華美美國收益多重資產基金 (本基金有相當比重投資於非投資等級之高風險債券且基金之配息來源可能為本金),TRUE
富蘭克林華美第一富基金,FALSE
富蘭克林華美中華基金,TRUE
富蘭克林華美中國消費基金,TRUE
富蘭克林華美台股傘型基金之高科技基金,FALSE
富蘭克林華美中國傘型基金之中國A股基金,TRUE
富蘭克林華美全球成長基金,TRUE
富蘭克林華美多重資產收益基金 (本基金有相當比重投資於非投資等級之高風險債券且基金之配息來源可能為本金),TRUE
富蘭克林華美亞太平衡基金 (本基金有相當比重投資於非投資等級之高風險債券且基金之配息來源可能為本金),TRUE
富蘭克林華美全球醫療保健基金,TRUE
富蘭克林華美新世界股票基金,TRUE
富蘭克林華美特別股收益基金 (本基金之配息來源可能為本金),TRUE
富蘭克林華美AI新科技基金,TRUE
富蘭克林華美全球潔淨能源ETF基金,TRUE
富蘭克林華美生技基金,TRUE
富蘭克林華美臺灣Smart ETF基金,FALSE
富蘭克林華美全球基礎建設收益基金 (本基金之配息來源可能為本金),TRUE
台新日本半導體ETF基金 (基金之配息來源可能為收益平準金),TRUE
台新美日台半導體基金,TRUE
台新臺灣AI優息動能ETF基金,FALSE
台新20年期以上BBB美元投資等級公司債ETF基金,TRUE
台新10年期以上特選全球BBB美元投資等級公司債券ETF基金,TRUE
台新美國電力基建息收ETF基金,TRUE
台新全球傘型基金之台新標普500 ETF基金 (基金之配息來源可能為收益平準金),TRUE
台新全球傘型基金之標普科技精選 ETF 基金 (基金之配息來源可能為收益平準金),TRUE
台新全球傘型基金之台新收益領航多重資產基金 (本基金有相當比重投資於非投資等級之高風險債券且配息來源可能為本金),TRUE
台新全球龍頭成長主動式ETF基金,TRUE
台新臺灣優勢成長主動式ETF基金 (基金之配息來源可能為收益平準金),FALSE
台新美國聚焦傘型基金之台新美國優選收益非投資等級債券ETF基金 ((本基金之配息來源可能為收益平準金且無保證收益及配息)),TRUE
台新美國聚焦傘型基金之台新美國標普日常消費品精選行業指數基金,TRUE
台新彭博美國成長指數基金,TRUE
台新台灣富貴基金,FALSE
台新大三通基金,FALSE
台新2000高科技基金,FALSE
台新高股息平衡基金,FALSE
台新中國成長基金,TRUE
台新中國精選中小基金,TRUE
台新新興傘型基金之台新新興市場機會股票基金,TRUE
台新印度基金,TRUE
台新中國傘型基金之台新中証消費服務領先指數基金,TRUE
台新全球生技醫療基金,TRUE
台新美國豐收平衡基金 (本基金有相當比重投資於非投資等級之高風險債券且基金之配息來源可能為本金),TRUE
台新MSCI中國基金,TRUE
台新智慧生活基金,TRUE
台新主流基金,FALSE
台新摩根大通新興市場投資等級美元債券ETF基金,TRUE
台新全球AI新創產業基金,TRUE
台新店頭基金,FALSE
台新全方位收益ETF傘型基金之台新富時15年以上特選產業美元投資等級債券ETF基金,TRUE
台新息收傘型基金之台新美元銀行債券15年期以上ETF基金,TRUE
台新首選收益傘型基金之台新15年期(以上)美元金融債券ETF基金,TRUE
台新全球特別股收益基金 (本基金之配息來源可能為本金),TRUE
台新SG全球AI機器人精選ETF基金,TRUE
台新優質收益ETF傘型基金之台新15年期(以上)A-BBB美元電信債券ETF基金,TRUE
台新中國通基金,FALSE
台新創新科技基金,FALSE
台新台灣中小基金,FALSE
台新恒生科技指數基金,TRUE
台新ESG環保愛地球成長基金,TRUE
台新中國政策趨勢基金,TRUE
台新臺灣全市場半導體精選30ETF基金,FALSE
台新臺灣高股息基金 (本基金並無保證收益及配息),FALSE
台新全球多重資產基金 (本基金有相當比重投資於非投資等級之高風險債券且基金之配息來源可能為本金),TRUE
台新臺灣永續高息中小型ETF基金 (基金之配息來源可能為收益平準金),FALSE
台新美國20年期以上A級公司債券ETF基金 (基金之配息來源可能為收益平準金),TRUE
台新臺灣IC設計動能ETF基金 (基金之配息來源可能為收益平準金),FALSE
合庫入息優化多重資產基金 (本基金有相當比重投資於非投資等級之高風險債券且配息來源可能為本金),TRUE
合庫AI多重資產基金 (本基金有相當比重投資於非投資等級之高風險債券且配息來源可能為本金),TRUE
合庫核心趨勢多重資產基金 (本基金有相當比重投資於非投資等級之高風險債券且配息來源可能為本金),TRUE
合庫AI電力創新多重資產基金 (本基金有相當比重投資於非投資等級之高風險債券且配息來源可能為本金。),TRUE
合庫台灣基金 (本基金之配息來源可能為本金),FALSE
合庫標普利變特別股收益指數基金 (本基金之配息可能涉及本金),TRUE
合庫AI電動車及車聯網創新基金,TRUE
合庫台灣高科技基金,FALSE
合庫全球醫療照護產業多重資產收益基金 (本基金之配息來源可能為本金),TRUE
合庫2032目標日期多重資產收益基金 (本基金之配息來源可能為本金),TRUE
合庫全球核心基礎建設收益基金 (本基金之配息來源可能為本金),TRUE
大華銀15年期以上BBB投資等級美國公司債券ETF基金 (本基金之配息來源可能為收益平準金),TRUE
大華銀優化收益15年期以上A級美國公司債券ETF基金 (本基金並無保證收益及配息且配息來源可能為收益平準金),TRUE
大華銀優化票息20年期以上美國政府債券ETF基金 (本基金並無保證收益及配息且配息來源可能為收益平準金),TRUE
大華銀Magnificent 7 Plus美國大型科技ETF基金,TRUE
大華銀台灣優選股利高填息30ETF基金 (本基金並無保證收益及配息且配息來源可能為收益平準金),FALSE
大華銀六年期美元保本基金 (本基金為保護型保本基金，保本比率為本金之100%，但投資人於基金到期日前提出買回申請，到期前之買回淨值不保證會高於基金保本率或發行價格),TRUE
路博邁台日雙星股票基金 (本基金配息來源可能為本金),FALSE
路博邁台灣5G股票基金 (基金之配息來源可能為本金),FALSE
路博邁收益成長多重資產基金 (本基金得投資於非投資等級之高風險債券且配息來源可能為本金),FALSE
路博邁5G股票基金,FALSE
路博邁顛覆式創新股票基金,FALSE
路博邁ESG優選平衡基金 (本基金有相當比重投資於非投資等級之高風險債券且配息來源可能為本金),FALSE
