主基金名稱,經理 人姓名
凱基全球10年期以上美元A級公司債券ETF基金,李暢
野村全球科技多重資產基金,王柏強、沈思瑩
合庫入息優化多重資產基金,黃馨世
台新日本半導體ETF基金,邱麒安
第一金量化日本基金,高若慈
安聯AI收益成長多重資產基金,莊凱倫
匯豐超核心優化多重資產基金,李怡慧
凱基優選台灣 AI 50 ETF基金,李郁馨
兆豐美國企業優選投資級公司債ETF基金,詹佳峯
群益優選收益非投資等級債券ETF基金,李忠泰
中國信託日經高股息50 ETF基金 (本子基金之配息來源可能為收益平準金且基金,許毓豪
中國信託日本商社及批發ETF基金,辛忠駿
中國信託日本半導體ETF基金,許家瑜
摩根大美國領先收成多重資產基金,楊若萱
貝萊德 iShares 安碩 0-3 月美國國庫證券指數基金,黃奕栩
永豐15年期以上ESG投資等級美元銀行債ETF基金,戴毓廷
大華銀15年期以上BBB投資等級美國公司債券ETF基金,郭修誠
富邦台灣優質多重資產基金,賴致瑋
野村全球航運龍頭息收ETF基金,張怡琳
華南永昌全球科技多重資產基金,林彥豪(代理)
富蘭克林華美臺灣ESG永續高息ETF基金,江明鴻
瀚亞亞洲科技資本家股票基金,林元平
台新美日台半導體基金,蘇聖峰
台新臺灣AI優息動能ETF基金,黃鈺民
兆豐ESG台美永續雙盈多重資產基金,李長昇
合庫AI多重資產基金,延任
中國信託亞太高股息ETF基金 (本子基金之配息來源可能為收益平準金且基金,張苡琤
中國信託全球高股息ETF基金 (本子基金之配息來源可能為收益平準金且本子基金,施絜心
永豐三至六年機動到期成熟市場優先順位投資級債券基金,吳如玉
元大全球航太與防衛科技ETF基金,李政剛
野村全天候組合基金,李雅婷
施羅德美國成長多重資產基金,李馥吟
統一全球15年以上BBB優選ESG公司債ETF基金,許雅惠
元大優息10年期以上美國政府債券ETF基金,李怡婷
元大零息超長期美國政府債券ETF基金,周宜縉
元大優息10年期以上已開發市場投資級美元公司債券ETF基金,陳柏彰
台新20年期以上BBB美元投資等級公司債ETF基金,劉恆誌
野村美日ETF傘型基金之美國創新研發龍頭ETF基金,林怡君
野村美日ETF傘型基金之日本價值動能高息ETF基金,張怡琳
第一金美元優選收益非投資等級債券ETF基金,王心妤
中國信託NASDAQ 100 ETF基金,張圭慧
中國信託美國創新科技ETF基金,張苡琤
中國信託美國聚焦成長基金,陳建彰
台新10年期以上特選全球BBB美元投資等級公司債券ETF基金,黃鈺民
東方匯理CIO精選增長基金,廖偉至
華南永昌精選非投資等級債券基金,陳翌珉
施羅德台美雙利多重資產基金,鄭詩涵(核心經理人) 柯鴻旼(協管經理人，管理類別:1)
野村全天候環球債券基金,林詩孟(核心經理人) 劉信芝(協管經理人，管理類別:2)
富邦台灣旗艦動能50ETF基金,林威宇
統一優選低波多重資產基金,涂韶鈺
聯邦台灣精彩50ETF基金,蔡維豪
玉山臺灣市值動能50 ETF 基金,楊立楷
群益印美戰略多重資產基金,向思穎
路博邁台日雙星股票基金,王昱如、黃煜(協管經理人，管理類別:1)
合庫核心趨勢多重資產基金,王慎中
東方匯理CIO精選均衡基金,曾咨瑋
富蘭克林華美20年期以上BBB投資級美元公司債ETF基金,林怡雯
野村臺灣智慧優選主動式ETF基金,游景德
富邦台灣淨零轉型ESG50 ETF基金,紀元豪
大華銀優化收益15年期以上A級美國公司債券ETF基金,賴昱廷
大華銀優化票息20年期以上美國政府債券ETF基金,郭修誠
台新美國電力基建息收ETF基金,劉恆誌
統一台股增長主動式ETF基金,陳釧瑤
台新全球傘型基金之台新標普500 ETF基金,黃鈺民
台新全球傘型基金之標普科技精選 ETF 基金,黃鈺民
台新全球傘型基金之台新收益領航多重資產基金,謝夢蘭
華南永昌台灣優選50ETF基金,蔣松原
群益台灣精選強棒主動式ETF基金,陳沅易
群益0-5年期ESG投資等級公司債ETF基金,呂汶芳
凱基美國Top股債平衡ETF基金,鄭翰紘
兆豐全球尖端科技多重資產基金,楊寳杉
富邦雙核心戰略多重資產基金,陳臻怡(核心經理人) 張庭豪(協管經理人，管理類別:1)
中國信託ARK創新主動式ETF基金,唐祖蔭
野村臺灣增強50主動式ETF基金,林浩詳
玉山全球跨國藍籌100ETF基金,黃相慈
安聯台灣高息成長主動式ETF基金,廖本隆
統一美國50ETF 基金,吳湘菱
聯博投資等級債入息主動式ETF基金,陳俊憲
富蘭克林華美10年期以上投資級美元金融債ETF基金,江明鴻
瀚亞環球智慧數據股息基金,賴盈良
合庫全球複合收益債券基金,楊嘉煒
台新全球龍頭成長主動式ETF基金,蘇聖峰
柏瑞日本多重資產基金,方定宇
東方匯理CIO精選保守基金,曾咨瑋
中國信託價值策略非投資等級債券主動式ETF基金 (本子基金,陳昱彰
元大全球航太與防衛科技ETF連結基金,李政剛
元大標普500ETF連結基金,盧永祥
台新臺灣優勢成長主動式ETF基金,魏永祥
統一全球創新主動式ETF基金,陳意婷
兆豐台美動能股債平衡ETF基金,詹佳峯
野村日本東證ETF基金,張怡琳
貝萊德iShares安碩標普500卓越50 ETF基金,楊貽甯
富邦優選收益傘型基金之富邦環球動態入息投資級債主動式ETF基金,黃詩紋(核心經理人) 林建璋(協管經理人，管理類別:2)
富邦優選收益傘型基金之富邦環球複合優選收益債主動式ETF基金,游陳達
凱基雙核收息債股平衡ETF基金,鄭翰紘
摩根大美國領先科技主動式ETF基金,蓋欣聖
柏瑞美利堅多重資產收益基金,江仲弘
群益標普500ETF基金,謝明志
野村澳洲10年期以上主權及類主權債券ETF基金,林亮妤
元大全球AI新經濟主動式ETF基金,吳昭豪
東方匯理全球多重資產成長收益基金,廖偉至
中國信託策略優利多重資產基金,羅世明
聯邦日本收益成長多重資產基金,王棋正
兆豐雙動能組合基金,鄭宛諭
施羅德智選優質美元債券基金,陳彥良
富邦美國傘型基金之富邦NASDAQ-100指數基金,王辰方
富邦美國傘型基金之富邦標普500指數基金,洪珮甄
富邦美國傘型基金之富邦標普500 ETF基金,蘇筱婷
大華銀Magnificent 7 Plus美國大型科技ETF基金,郭修誠
復華台灣未來50主動式ETF基金,呂宏宇
聯博優選全球非投資等級債券主動式ETF基金,陳俊憲
群益台灣科技創新主動式ETF基金,陳朝政
第一金台股趨勢優選主動式ETF基金,張正中
安聯台灣主動式ETF基金,施政廷(核心經理人) 郭勁甫(協管經理人，管理類別:1)
中國信託台灣卓越成長主動式ETF基金,張書廷
台新美國聚焦傘型基金之台新美國優選收益非投資等級債券ETF基金,簡大為
台新美國聚焦傘型基金之台新美國標普日常消費品精選行業指數基金,葉宇真
華南永昌NASDAQ 100科技ETF基金,蔣松原
凱基台灣TOP 50 ETF基金,葉菀婷
野村成長傘型基金之美國增長股票ETF組合基金,陳羽渢
野村成長傘型基金之臺灣創新科技50ETF連結基金,林怡君
兆豐台灣豐收主動式 ETF基金,王仲良
國泰大和日本不動產收息ETF基金,游凱卉
中國信託趨勢領袖多重資產基金,楊士醇
瀚亞環球增長ETF組合基金,陳姿瑾
統一全方位貨幣市場基金,陳勇徵
玉山美元嚴選非投資等級債券ETF基金,施沛昇
復華全球金融股票入息主動式ETF基金,張正宇
復華全球金融債券入息主動式ETF基金,黃媛君
貝萊德iShares安碩收益優化投資等級債主動式ETF基金,游忠憲
野村臺灣策略高息主動式ETF基金,游景德
合庫AI電力創新多重資產基金,延任
富邦景氣循環多元資產組合基金,林忠義
東方匯理全球策略收益基金,劉佳雨
群益美國增長主動式ETF基金,吳承恕
摩根台灣鑫收益主動式ETF基金,沈馨(核心經理人) 魏伯宇(協管經理人，管理類別:1)
國泰台股動能高息主動式ETF基金,梁恩溢
中國信託美國數據中心及電力ETF 基金,陳雯卿
安聯美國科技領航主動式ETF基金,洪華珍
統一台股升級50主動式ETF基金,張哲瑋
台新彭博美國成長指數基金,劉恆誌
元大納斯達克100增強成長精選ETF基金,方雅婷
野村全球稀土與關鍵資源ETF基金,張怡琳
富蘭克林華美美國收益多重資產基金,劉曉如
華南永昌全球未來金融優選30 ETF基金,蔣松原
聯博台灣動能收益50 主動式ETF基金,黃靜怡
富邦台灣龍耀主動式ETF基金,高晧欣
國泰全球多元收益傘型基金之環球策略收益債券基金,蔡宗岸
國泰全球多元收益傘型基金之全球收益非投資等級債券ETF基金,陳韻竹
兆豐美國戰略智造多重資產基金,李長昇
中國信託台灣收益成長主動式ETF基金,張書廷
匯豐AI人型機器人多重資產基金,楊博翔
群益美國科技巨頭ETF基金,李晉含
復華台灣菁英50指數基金,劉昌祚
復華全球創新金融指數基金,廖崇文
復華全球AI動力成長指數基金,吳允翔
聯邦美國金融創新ETF基金,周彥名
凱基台灣主動式ETF基金,趙偉志
元大優質收益成長多重資產基金,吳昕憓(核心經理人) 葉明哲(協管經理人，管理類別:2)
野村臺灣智慧優選主動式ETF連結基金,林怡君
第一金台股趨勢優股息主動式ETF基金,張正中
永豐台灣科技趨勢主動式ETF基金,周力行
貝萊德iShares安碩世界股票ETF基金,楊貽甯
貝萊德iShares安碩10年期以上A級美元公司債ETF基金,楊貽甯
兆豐第一基金,王仲良
野村鴻運基金,邱翠欣
匯豐安富基金,張雅雯
野村鴻利基金,姚郁如
兆豐萬全基金,王仲良
華南永昌永昌基金,童士維
富邦基金,張珈維
元大2001基金,林蕙清
台新台灣富貴基金,沈建宏
野村台灣運籌基金,姚郁如
兆豐全球基金,楊寳杉
野村環球基金,高君逸
匯豐龍鳳基金,邵琮淳
野村積極成長基金,葉穎娟
統一全天候基金,陳意婷
國泰小龍基金,黃維泰
元大多福基金,李振南
摩根台灣增長基金,葉鴻儒
玉山高成長基金,廖炳焜
第一金全家福貨幣市場基金,鄭純淑
兆豐國民基金,何世湧
復華全球大趨勢基金,王萬里
玉山全球消費商機基金,張銀成
摩根東方內需機會基金,魏伯宇
第一金全球大趨勢基金,黃筱雲
柏瑞全球策略非投資等級債券基金,劉文茵
兆豐豐台灣基金,林祖延
元大全球農業商機基金,曾妙蓮
摩根金龍收成基金,吳昱聰
安聯四季回報債券組合基金,許家豪(核心經理人) 呂朋怡(協管經理人，管理類別:3)
瀚亞非洲基金,林庭樟
復華華人世紀基金,胡家菱
元大得寶貨幣市場基金,劉晶樺
凱基開創基金,黃廷偉
富達台灣成長基金,白芳苹
聯邦優勢策略全球債券組合基金,任詩琳
台新大三通基金,曹智超
華南永昌麒麟貨幣市場基金,鄭鼎芝(代理)
永豐中小基金,陳良
德銀遠東DWS台灣貨幣市場基金,潘秀慧
台中銀萬保貨幣市場基金,俞明明
景順全球康健基金,蕭若梅
瀚亞美國高科技基金,林元平(核心經理人) 許智翔(協管經理人，管理類別:1)
玉山全球醫療生化基金,常李奕翰
安聯全球生技趨勢基金,林孟洼
街口台灣基金,蘇昱霖
野村全球品牌基金,呂丹嵐
兆豐生命科學基金,林祖延
凱基凱旋貨幣市場基金,蔡政賢
國泰科技生化基金,黃維泰
永豐趨勢平衡基金,陳良
復華全球債券基金,吳易欣
街口平安貨幣市場基金,丁圓圓
富蘭克林華美第一富基金,周暐耘
復華人生目標基金,郭家宏
復華傳家基金,趙建彰
元大新主流基金,葉信良
景順主流基金,鄭宗豪
聯邦貨幣市場基金,張詠婷
宏利台灣動力基金,陳伯禎
野村成長基金,姚郁如
富邦精選五虎基金,古漢斌
群益真善美基金,陳威哲
富邦台灣心基金,陳柏因(代理)
聯邦精選科技基金,張瑞祥
復華有利貨幣市場基金,楊雅婷
野村高科技基金,謝文雄
野村平衡基金,黃新迪
玉山新世紀基金,廖炳焜
台新2000高科技基金,沈建宏
安聯台灣大壩基金,蕭惠中
統一大滿貫基金,張哲瑋
富邦高科技基金,林志邦
復華數位經濟基金,顧克勤
瀚亞歐洲基金,賴盈良
第一金亞洲科技基金,黃筱雲
國泰國泰基金,林賢明
統一亞太基金,黃柏章
安聯台灣貨幣市場基金,林素萍
台中銀數位時代基金,蘇哲立
國泰台灣貨幣市場基金,吳艷琴
復華傳家二號基金,郭家宏
瀚亞理財通基金,劉家宏
摩根平衡基金,葉鴻儒(核心經理人) 郭世宗(協管經理人，管理類別:2) 沈馨(協管經理人，管理類別:1)
群益平衡王基金,鄭秉倫
野村ｅ科技基金,謝文雄
國泰中小成長基金,余彥良
玉山金平衡基金,陳詩晴
兆豐寶鑽貨幣市場基金,何姍容
安聯台灣科技基金,蕭惠中(核心經理人) 李侃奇(協管經理人，管理類別:1)
復華中小精選基金,趙建彰
野村中小基金,邱翠欣
聯邦中國龍基金,林建良
德銀遠東DWS台灣旗艦基金,劉坤儒
國泰大中華基金,林靜怡
貝萊德寶利基金,李友千
野村優質基金,陳茹婷
群益創新科技基金,陳朝政
第一金電子基金,張正中
台新1699貨幣市場基金,楊麗靖
元大店頭基金,毛詩豪
元大萬泰貨幣市場基金,劉晶樺
群益店頭市場基金,許育誌
第一金台灣貨幣市場基金,鄭純淑
富邦日盛基金,高晧欣
玉山瑞騰基金,張世東
野村泰國基金,陳亭安
富邦精銳中小基金,王俊穎
第一金店頭市場基金,黃筱雲
柏瑞巨人基金,高豪志
摩根東方科技基金,蓋欣聖
摩根亞太高息平衡基金,黃銘功(核心經理人) 周佑侖(協管經理人，管理類別:2)
瀚亞印度基金,林庭樟
柏瑞旗艦全球債券組合基金,詹惠羽
元大全球不動產證券化基金,陳品橋
富蘭克林華美富蘭克林全球債券組合基金,陳怡均
台新高股息平衡基金,劉宇衡
群益多重資產組合基金,姚伊蔚、葉啟芳
野村全球不動產證券化基金,黃鈺文
復華全方位基金,戎宜蘋
匯豐中國動力基金,蕭正義
富蘭克林華美中華基金,陳宏毅(核心經理人) 馬偉傑(協管經理人，管理類別:1;2;3;4)
台新中國成長基金,簡秀君
元大新中國基金,吳育瑄
野村中國機會基金,劉尹璇
安聯中國策略基金,蘇泰弘
復華全球短期收益基金,黃媛君
元大大中華價值指數基金,張克豪
第一金全球非投資等級債券基金,蔡東穎
永豐亞洲民生消費基金,羅嘉德
群益東方盛世基金,洪玉婷
元大標智滬深300基金,張克豪
凱基台灣精五門基金,洪敏洋
第一金中國世紀基金,方鈺璋
復華高益策略組合基金,吳易欣
國泰中港台基金,張聖鴻
元大印度基金,張哲銘
摩根中國亮點基金,吳昱聰
安聯全球油礦金趨勢基金,林孟洼
群益華夏盛世基金,李忠翰
宏利亞太入息債券基金,李育昇
瀚亞巴西基金,賴盈良
摩根台灣金磚基金,葉鴻儒
統一大龍印基金,林文健
元大新興亞洲基金,張哲銘
野村巴西基金,高君逸
第一金亞洲新興市場基金,方鈺璋
玉山拉丁美洲基金,張銀成
群益印巴雙星基金,張諺祺
復華全球原物料基金,蔡盛宇
宏利亞太中小企業基金,陳伯禎
安聯中國東協基金,蘇泰弘
國泰豐益債券組合基金,廖子淇
柏瑞新興市場非投資等級債券基金,許雅婷
摩根新金磚五國基金,魏伯宇
富蘭克林華美新興趨勢傘型基金之天然資源組合基金,褚國廷
台中銀中國精選成長基金,王欣群
台新中國精選中小基金,游欣穎
凱基新興趨勢ETF組合基金,黃廷偉
匯豐資源豐富國家收益基金,何立凱
第一金創新趨勢基金,鄭國華
統一大中華中小基金,林睿廷
國泰新興市場基金,陳怡帆
元大印尼指數基金,許家瑋
元大巴西指數基金,李政剛
復華新興債股動力組合基金,劉明滄
瀚亞全球非投資等級債券基金,周曉蘭
宏利新興市場非投資等級債券基金,鍾美君
富邦MIT主流基金,陳柏因
富邦全球投資等級債券基金,林建璋
復華大中華中小策略基金,楊書婷
野村雙印傘型基金之印度潛力基金,陳亭安
摩根總收益組合基金,郭世宗
元大富櫃50基金,曾逸江
群益東協成長基金,張諺祺
富蘭克林華美中國消費基金,邱泓瑞
玉山中國品牌基金,林哲宇
台新新興傘型基金之台新新興市場機會股票基金,孫光政
群益印度中小基金,向思穎
永豐新興市場及非投資等級雙債組合基金,鄭向吾
復華新興市場短期收益基金,吳宜潔
復華新興市場非投資等級債券基金,施尚文
元大摩臺基金,程惇亞
富蘭克林華美台股傘型基金之高科技基金,林美如(核心經理人) 羅兆弘(協管經理人，管理類別:1)
野村亞太複合非投資等級債券基金,王韋智
國泰中國內需增長基金,翁智信
統一新亞洲科技能源基金,郭智偉
合庫台灣基金,陳元漢
台新印度基金,黃俊晏
富邦中國內需動力基金,蔡宗和
凱基新興市場中小基金,吳志文
國泰新興非投資等級債券基金,沈育民
永豐臺灣加權ETF基金,王茗冠
復華東協世紀基金,林光佑
富邦上証180基金,陳仲愷
摩根亞洲總合非投資等級債券基金,周佑侖
瀚亞中國A股基金,林庭樟
群益大中華雙力優勢基金,李忠翰
宏利中國離岸債券基金,陳培倫
安聯四季豐收債券組合基金,許家豪(核心經理人) 劉珉睿(協管經理人，管理類別:3)
柏瑞旗艦全球成長組合基金,邢是霈
群益安家基金,張晏禎
摩根全球創新成長基金,黃銘功
永豐中國經濟建設基金,許書豪
國泰中國新興戰略基金,張聖鴻
施羅德中國非投資等級債券基金,司雯
富邦亞洲非投資等級債券基金,黃詩紋
柏瑞ESG新興市場企業策略債券基金,陳柏元
元大上證50基金,李舒禾
復華滬深300 A股基金,廖崇文
富蘭克林華美全球非投資等級債券基金,陳柏翰
富邦台灣釆吉50基金,洪珮甄
統一亞洲大金磚基金,黃柏章
凱基雲端趨勢基金,吳志文
合庫全球非投資等級債券基金,楊嘉煒
富蘭克林華美貨幣市場基金,王銘祥
復華南非幣短期收益基金,吳宜潔
復華南非幣長期收益基金,吳宜潔
永豐新興市場企業債券基金,陳雅筑
富蘭克林華美全球投資級債券基金,余冠廷
摩根中國A股基金,魏伯宇
富邦亞太債券傘型基金之富邦亞太優質債券基金,林建璋
富邦亞太債券傘型基金之富邦中國非投資等級債券基金,黃詩紋
玉山新興市場企業債券基金,鄭宇君
合庫新興多重收益基金,吳鍵佐
永豐滬深300紅利指數基金,林永祥
復華全球消費基金,張正宇
復華美國新星基金,黃俊瑞
野村環球非投資等級債券基金,郭臻臻
安聯四季雙收入息組合基金,陳信逢
匯豐中國A股匯聚基金,蕭正義
國泰人民幣貨幣市場基金,朱書賢
群益美國新創亮點基金,吳承恕
群益全球關鍵生技基金,蔡詠裕
柏瑞新興亞太策略債券基金,施宜君
聯博收益傘型基金之聯博債券收益組合基金,陳俊憲
聯博收益傘型基金之聯博多元資產收益組合基金,黃靜怡
兆豐人民幣貨幣市場基金,蔡伯甯
群益中國新機會基金,謝天翎
台新中國傘型基金之台新中証消費服務領先指數基金,葉宇真
群益工業國入息基金,楊慈珍
摩根泛亞太股票入息基金,黃銘功
聯邦環太平洋平衡基金,黃耀德
華南永昌中國A股基金,張瀚宇
元大人民幣貨幣市場基金,劉晶樺
復華全球戰略配置強基金,劉明滄
富蘭克林華美中國傘型基金之中國A股基金,蘇士勛
柏瑞亞洲亮點股票基金,馬治雲
玉山中國中小基金,陳舜津
安聯四季成長組合基金,林季潔
國泰收益傘型基金之全球多重收益平衡基金,楚方媛
兆豐中國A股基金,李長昇
統一大龍騰中國基金,蘇柏勳
國泰亞洲成長基金,黃世暐
台新全球生技醫療基金,歐陽禎儀
摩根多元入息成長基金,陳建銘
華南永昌多重資產入息平衡基金,申暉弘
元大台灣50單日正向2倍基金,曾逸江
元大台灣50單日反向1倍基金,陳威志
瀚亞亞太豐收平衡基金,周曉蘭
富邦中國ETF傘型基金之富邦上証180單日正向兩倍基金,林旻致
富邦中國ETF傘型基金之富邦上証180單日反向一倍基金,溫芳儀
聯博多重資產傘型基金之聯博歐洲多重資產基金,黃靜怡
聯博多重資產傘型基金之聯博亞太多重資產基金,黃靜怡
元大大中華TMT基金,吳育瑄
富蘭克林華美全球成長基金,游信凱
安聯目標收益基金,陳信逢
群益環球金綻雙喜基金,許書銘、朱哲均
野村動態配置多重資產基金,林澄謦、劉佳奇
聯博全球非投資等級債券基金,陳俊憲
國泰富時中國A50基金,楊庭杰
摩根新興雙利平衡基金,黃銘功(核心經理人) 周佑侖(協管經理人，管理類別:2)
合庫貨幣市場基金,楊嘉煒
元大滬深300單日反向1倍基金,張克豪
元大滬深300單日正向2倍基金,李舒禾
群益中國金采平衡基金,李運婷
富邦深証100基金,林旻致
復華中國新經濟平衡基金,胡家菱
復華中國新經濟A股基金,楊書婷
元大全球股票入息基金,陳品橋
野村美利堅非投資等級債券基金,郭臻臻
安聯中華新思路基金,蘇泰弘
富邦日本ETF傘型基金之富邦日本東証單日正向兩倍基金,陳仲愷
富邦日本ETF傘型基金之富邦日本東証單日反向一倍基金,林威宇
摩根中國雙息平衡基金,黃銘功(核心經理人) 周佑侖(協管經理人，管理類別:2)
元大新興印尼機會債券基金,陳慕忻
群益深証中小100基金,洪祥益
統一亞洲非投資等級債券基金,林彥廷
富邦日本東証基金,陳双吉
柏瑞亞太非投資等級債券基金,施宜君
復華琤苀璊擖縝V二倍基金,廖崇文
復華琤苀璊擗浀V一倍基金,廖崇文
玉山中國好時平衡基金,張世東(代理)
國泰亞太入息平衡基金,黃世暐
野村日本領先基金,高君逸
元大標普500單日反向1倍基金,方雅婷
元大標普500單日正向2倍基金,方雅婷
元大標普500基金,盧永祥
華南永昌全球物聯網精選基金,林彥豪
群益大印度基金,洪玉婷
富邦印度ETF傘型基金之富邦印度NIFTY基金,蘇筱婷
富邦印度ETF傘型基金之富邦印度NIFTY單日反向一倍基金,黎邕墉
富邦印度ETF傘型基金之富邦印度NIFTY單日正向兩倍基金,林旻致
摩根環球股票收益基金,魏伯宇
元大美元貨幣市場基金,黃秀燕
野村全球短期收益基金,劉信芝
柏瑞環球多元資產基金,邢是霈
台新美國豐收平衡基金,羅吉舜
群益全球地產入息基金,楊慈珍
國泰A50傘型基金之富時中國A50單日反向1倍基金,楊庭杰
國泰A50傘型基金之富時中國A50單日正向2倍基金,楊庭杰
台新全球多元資產組合基金,謝夢蘭
統一全球新科技基金,郭智偉
聯邦永騰亞洲非投資等級債券基金,余政民
國泰日本ETF傘型基金之日經225基金,游凱卉
野村多元收益多重資產基金,黃奕捷
富蘭克林華美多重資產收益基金,楊金峯(核心經理人) 劉曉如(協管經理人，管理類別:1;2;3;4)
元大日經225基金,許家瑋
元大歐洲50基金,許家瑋
第一金全球AI機器人及自動化產業基金,黃筱雲
富邦NASDAQ-100基金,王辰方
復華全球物聯網科技基金,黃俊瑞
玉山多元收益組合基金,莊禮菡
元大新東協平衡基金,張哲銘
國泰臺指ETF傘型基金之臺灣加權指數單日反向1倍基金,蘇鼎宇
國泰臺指ETF傘型基金之臺灣加權指數單日正向2倍基金,蘇鼎宇
富邦琤肭磪贙TF傘型基金之富邦琤肭磪瓥璊擗浀V一倍基金,黎邕墉
富邦琤肭磪贙TF傘型基金之富邦琤肭磪瓥璊擖縝V兩倍基金,陳婉寧
兆豐美元貨幣市場基金,張嘉祐
富蘭克林華美亞太平衡基金,楊佩諭(核心經理人) 陳柏翰(協管經理人，管理類別:1;2;3;4)
富達亞洲總報酬基金,夏苔耘
群益金選報酬平衡基金,鄭秉倫
富邦NASDAQ-100 ETF傘型基金之富邦NASDAQ-100單日反向一倍基金,蘇筱婷
富邦NASDAQ-100 ETF傘型基金之富邦NASDAQ-100單日正向兩倍基金,陳婉寧
國泰美國ETF傘型基金之道瓊工業平均指數單日反向1倍基金,蘇鼎宇
國泰美國ETF傘型基金之道瓊工業平均指數基金,蘇鼎宇
台新全球債券基金,尹晟龢
中國信託樂齡收益平衡基金,楊士醇
富邦中國戰略A股基金,蔡宗和
宏利全球動力股票基金,劉柏廷
復華台灣智能基金,劉明滄
富邦臺灣加權ETF傘型基金之富邦臺灣加權單日正向兩倍基金,林威宇
富邦臺灣加權ETF傘型基金之富邦臺灣加權單日反向一倍基金,王素珍
第一金全球AI FinTech金融科技基金,莊卜璇
元大美國政府20年期(以上)債券單日正向2倍基金,蕭開豪
元大美國政府20年期(以上)債券基金,周宜縉
元大美國政府20年期(以上)債券單日反向1倍基金,陳柏彰
富邦琤肭磪贙TF基金,陳仲愷
群益那斯達克生技基金,邱郁茹
柏瑞特別股息收益基金,馬治雲
元大美國政府7至10年期債券基金,周宜縉
富邦歐亞絲路多重資產型基金,張庭豪
玉山策略成長ETF組合基金,曾訓億
群益臺灣加權單日反向1倍基金,洪祥益
群益臺灣加權單日正向2倍基金,洪祥益
瀚亞策略印度傘型基金之印度策略收益平衡基金A類型新台幣 (本子基金,吳立渝
瀚亞策略印度傘型基金之印度策略收益債券基金A類型新臺幣 (本子基金,吳立渝
兆豐臺灣藍籌30ETF基金,詹佳峯
富邦臺灣公司治理100基金,溫芳儀
國泰美國債券ETF傘型基金之20年期(以上)美國公債指數基金,陳思翰
國泰美國債券ETF傘型基金之20年期(以上)美國公債指數單日反向1倍基金,林淑娟
國泰美國債券ETF傘型基金之20年期(以上)美國公債指數單日正向2倍基金,林淑娟
凱基醫院及長照產業基金,黃廷偉
富邦美國政府債券ETF傘型基金之富邦美國政府債券1-3年期基金,林威宇
富邦美國政府債券ETF傘型基金之富邦美國政府債券7-10年期基金,陳仲愷
富邦美國政府債券ETF傘型基金之富邦美國政府債券20年期以上基金,王素珍
群益全球特別股收益基金,徐煒庠
貝萊德全方位資產收益組合基金,李珈蕙
元大亞太優質高股息100指數基金,方雅婷
華南永昌Shiller US CAPE ETF組合基金,申暉弘
台新MSCI中國基金,黃鈺民
富邦富時歐洲ETF基金,陳婉寧
復華1至5年期非投資等級債券基金,江唱漁
復華富時不動產證券化基金,曹君龍
復華新興市場10年期以上債券基金,許忠成
國泰低波動ETF傘型基金之臺灣低波動股利精選30基金,江宇騰
國泰低波動ETF傘型基金之美國標普500低波動高股息基金,林淑娟
路博邁台灣5G股票基金,黃煜
富蘭克林華美退休傘型之目標2027組合基金,褚國廷
富蘭克林華美退休傘型之目標2037組合基金,詹柏庭
富蘭克林華美退休傘型之目標2047組合基金,林育弘
第一金全球水電瓦斯及基礎建設收益基金,林志映
統一全球動態多重資產基金,郭智偉(核心經理人) 陳煒翔(協管經理人，管理類別:1)
元大台灣高股息低波動ETF基金,邱鉦淵
群益道瓊美國地產ETF基金,李鈺涵
富達亞洲非投資等級債券基金,夏苔耘
富邦標普美國特別股ETF基金,蘇筱婷
富蘭克林華美全球醫療保健基金,游信凱
台新智慧生活基金,蘇聖峰
柏瑞多重資產特別收益基金,江仲弘
元大20年期以上BBB級美元公司債券ETF基金,周宜縉
元大美國政府1至3年期債券ETF基金,李怡婷
群益15年期以上電信業公司債ETF基金,曾盈甄
群益15年期以上科技業公司債ETF基金,曾盈甄
群益10年期以上金融債ETF基金,謝明志
柏瑞全球金牌組合基金,方奕翔
群益奧斯卡基金,陳沅易
國泰幸福階梯傘型基金之全球積極組合基金,邱婉春
匯豐金磚動力基金,王亨
元大亞太成長基金,吳育瑄
摩根絕對日本基金,蓋欣聖
復華亞太平衡基金,吳承恩
瀚亞亞太高股息基金,許智翔
野村亞太高股息基金,陳亭安、劉尹璇
群益葛萊美基金,許育誌
台新北美收益資產證券化基金,黃俊晏
元大全球新興市場精選組合基金,周芯瑋
摩根新興35基金,魏伯宇
元大台灣中型100基金,程惇亞
復華全球債券組合基金,王品昕
統一全球債券組合基金,林彥廷
匯豐新鑽動力基金,蕭正義
群益亞太新趨勢平衡基金,楊慈珍
元大全球ETF成長組合基金,周芯瑋
富邦台灣科技指數基金,洪珮甄
瀚亞精選傘型基金之債券精選組合基金,陳姿瑾
玉山新興趨勢組合基金,曾訓億
安聯全球綠能趨勢基金,洪華珍
柏瑞拉丁美洲基金,馬治雲
華南永昌全球精品基金,申暉弘
國泰全球基礎建設基金,魏卉齊
瀚亞亞太不動產證券化基金,林庭樟
復華亞太成長基金,林光佑
街口全球時尚精品基金,吳帛亞
野村全球生技醫療基金,呂丹嵐、沈思瑩
群益新興金鑽基金,李忠翰
富蘭克林華美坦伯頓全球股票組合基金,林育弘
台新主流基金,黃千雲
統一強漢基金,陳意婷
匯豐全球趨勢組合基金,魏筱倫
柏瑞美國雙核心收益基金,劉文茵
凱基台商天下基金,吳志文
元大全球地產建設入息基金,陳品橋
瀚亞亞太基礎建設基金,林庭樟
永豐主流品牌基金,羅嘉德
第一金全球不動產證券化基金,林志映
中國信託台灣活力基金,徐啟葳
復華全球資產證券化基金,張正宇
元大台灣金融基金,程惇亞
元大台灣電子科技基金,陳威志
富邦大中華成長基金,朱家玄
宏利精選中華基金,劉柏廷
匯豐全球關鍵資源基金,楊博翔
富邦亞洲機會基金,朱家玄
統一台灣動力基金,張哲瑋
安聯全球股票多元投資風格基金,洪華珍
玉山全球資源基金,常李奕翰
富邦首選基金,董士興
施羅德台灣樂活中小基金,柯鴻旼
復華奧林匹克全球優勢組合基金,朱展志
元大台灣高股息基金,陳威志
富邦全球抗暖化基金,鄭力瑋
玉山全球基礎建設基金,王翔慧
摩根新絲路基金,黃銘功
富邦台灣ETF傘型基金之富邦台灣摩根指數股票型基金,陳双吉
安聯全球農金趨勢基金,林孟洼
富蘭克林華美新世界股票基金,郭修伸
安聯台灣智慧基金,陳思銘
合庫標普利變特別股收益指數基金,林鴻宗
復華亞太神龍科技基金,王萬里
國泰息收ETF傘型基金之10年期(以上)BBB美元息收公司債券基金,李育齡
國泰息收ETF傘型基金之優選1-5年美元非投資等級債券基金,陳韻竹
國泰息收ETF傘型基金之新興市場5年期(以上)美元息收投資等級債券基金,江宇騰
瑞銀全方位非投資等級債券基金,鍾君長
第一金臺灣工業菁英30 ETF基金,曾萬勝
富邦道瓊臺灣優質高息30ETF基金,林旻致
富蘭克林華美特別股收益基金,吳佩玟
安聯收益成長多重資產基金,謝佳伶
永豐全球多元入息基金,王資涵
統一大東協高股息基金,黃柏章
復華富時台灣高股息低波動基金,劉昌祚
國泰優勢收益傘型基金之主順位資產抵押非投資等級債券基金,王心怡
台新摩根大通新興市場投資等級美元債券ETF基金,黃鈺民
群益全球優先順位非投資等級債券基金,徐建華
富邦臺灣中小A級動能50ETF基金,蘇筱婷
第一金全球AI精準醫療基金,郭諺雅
野村全球金融收益基金,林詩孟
國泰趨勢ETF傘型基金之納斯達克全球人工智慧及機器人基金,游凱卉
國泰趨勢ETF傘型基金之臺韓科技基金,江宇騰
國泰趨勢ETF傘型基金之富時新興市場基金,陳世偉
元大MSCI中國A股國際通ETF基金,李舒禾
貝萊德享退休系列2030目標日期組合基金,李珈蕙
貝萊德享退休系列2040目標日期組合基金,李珈蕙
貝萊德享退休系列2050目標日期組合基金,李珈蕙
富邦全方位入息ETF傘型基金之富邦彭博優選1-5年非投資等級債券ETF基金,黎邕墉
富邦全方位入息ETF傘型基金之富邦彭博10年期(以上)BBB美元息收公司債券ETF基金,黎邕墉
中國信託智慧城市建設基金,張晨瑋
宏利特別股息收益基金,劉柏廷
路博邁全球非投資等級債券基金,鄭吉良
富邦多元收益ETF傘型基金之富邦彭博9-35年A級美元息收公司債券ETF基金,王辰方
瀚亞多重收益優化組合基金,鄭夙希
富達全球多重資產收益組合基金,夏苔耘
元大20年期以上AAA至A級美元公司債券ETF基金,陳柏彰
凱基全球息收ETF傘型基金之凱基10年期以上新興市場BBB美元主權債及類主權債券ETF基金,劉書銘
凱基全球息收ETF傘型基金之凱基10年期以上科技業公司債券ETF基金,王韻茹
群益2028 REVERSO美元保本基金,李運婷
路博邁收益成長多重資產基金,吳吟蒞
聯博中國A股基金,黃瑋柔
玉山印度機會債券基金,張世東
景順2028到期精選新興債券基金,曾任平
柏瑞中國A股量化精選基金,方定宇
中國信託MSCI中國外資自由投資50不含A及B股單日正向2倍ETF基金,陳雯卿
中國信託MSCI中國外資自由投資50不含A及B股ETF基金,陳雯卿
富邦全球智能車基金,蕭智偉
群益15年期以上公用事業公司債ETF 基金,李鈺涵
群益15年期以上高評等公司債ETF 基金,曾盈甄
群益15年期以上新興市場主權債ETF基金,謝明志
復華15年期以上製藥業債券ETF基金,廖崇文
復華15年期以上能源業債券ETF基金,劉昌祚
復華新興市場企業債券ETF基金,許忠成
統一NYSE FANG+ ETF基金,林良一
元大全球人工智慧ETF基金,方雅婷
合庫AI電動車及車聯網創新基金,張仲平
國泰10年期以上A等級美元公司債券ETF基金,陳韻竹
台新全球AI新創產業基金,孫光政
群益潛力收益多重資產基金A(累積型-新臺幣) (本子基金,向思穎
群益25年期以上美國政府債券ETF基金,李鈺涵
富邦AI智能新趨勢多重資產型基金,高晧欣
第一金全球AI人工智慧基金,黃筱雲
復華十年到期新興市場債券基金,吳宜潔
摩根大歐洲基金,蓋欣聖
復華貨幣市場基金,杜承豪
永豐貨幣市場基金,王資涵
宏利臺灣股息收益基金,周鉦凱
台新大眾貨幣市場基金,楊麗靖
匯豐台灣精典基金,張雅雯
富邦小而美基金,古漢斌
第一金小型精選基金,羅得佑
景順台灣科技基金,鄭宗豪
摩根中小基金,葉鴻儒
統一奔騰基金,陳釧瑤
玉山科技島基金,林哲宇
兆豐電子基金,林祖延
永豐領航科技基金,吳旻霖
柏瑞巨輪貨幣市場基金,劉文茵
玉山大中華基金,陳舜津
台新店頭基金,沈建宏
復華高成長基金,呂宏宇
復華美國20年期以上公債ETF基金,廖崇文
國泰標普北美科技ETF基金,林淑娟
元大標普美國高息特別股ETF基金,盧永祥
中國信託10年期以上高評級美元公司債券ETF基金,張瓈尹
中國信託10年期以上優先順位金融債券ETF基金,張瓈尹
台新全方位收益ETF傘型基金之台新富時15年以上特選產業美元投資等級債券ETF基金,劉恆誌
安聯美國短年期非投資等級債券基金,謝佳伶
凱基多元收益ETF傘型基金之凱基15年期以上AAA至A級美元公司債券ETF基金,李暢
凱基多元收益ETF傘型基金之凱基20年期以上美元金融債券ETF基金,王韻茹
凱基多元收益ETF傘型基金之凱基25年期以上美國公債ETF基金,劉書銘
國泰旗艦產業ETF傘型基金之15年期以上A等級公用事業產業債券基金,江宇騰
國泰旗艦產業ETF傘型基金之15年期以上A等級科技產業債券基金,陳韻竹
國泰旗艦產業ETF傘型基金之7-10年A等級金融產業債券基金,江宇騰
富邦多元收益ⅡETF傘型基金之富邦中國中証中小500ETF基金,陳双吉
富邦多元收益ⅡETF傘型基金之富邦全球金融業10年以上美元投等債券ETF基金,王辰方
元大10年期以上美元投資級銀行債券ETF基金,李怡婷
元大10年期以上美元投資級醫療保健債券ETF基金,陳柏彰
元大10年期以上美元投資級公共事業電能債券ETF基金,李怡婷
復華1至5年期美元特選信用債券ETF基金,許忠成
復華20年期以上A3級以上公司債券ETF基金,曹君龍
景順2029到期精選新興債券基金,曾任平
富蘭克林華美新興國家固定收益基金,陳柏翰
群益15年期以上A級美元公司債ETF基金,謝明志
群益15年期以上AAA-A醫療保健業美元公司債ETF基金,李鈺涵
中國信託美國政府20年期以上債券ETF基金,張瓈尹
台新優先順位資產抵押非投資等級債券基金,曾俊豪
國泰大三元ETF傘型基金之15年期以上A等級醫療保健產業債券基金,林宛萱
國泰大三元ETF傘型基金之美國費城半導體基金,李翰林
第一金彭博美國10年期以上金融債券指數ETF基金,曾萬勝
元大台灣高股息ETF連結基金,張明珠
元大台灣卓越50ETF連結基金,張明珠
元大富櫃50ETF連結基金,曾逸江
宏利澳洲優選債券收益基金,李育昇
永豐10年期以上美元A級公司債券ETF基金,林永祥
東方匯理全球非投資等級債券基金,邱奕仁
復華十年到期精選新興市場債券基金,施尚文
凱基精選美元債券ETF傘型基金之凱基15年期以上美元投資等級精選公司債券ETF基金,李暢
凱基精選美元債券ETF傘型基金之凱基20年期以上AAA至AA級大型美元公司債券ETF基金,李暢
路博邁5G股票基金,黃煜
台新息收傘型基金之台新美元銀行債券15年期以上ETF基金,黃鈺民
兆豐中國內需A股基金,李長昇
第一金美國100大企業債券基金,林邦傑
柏瑞新興邊境非投資等級債券基金,許雅婷
台新首選收益傘型基金之台新15年期(以上)美元金融債券ETF基金,黃鈺民
台新首選收益傘型基金之台新全球特別股收益基金,高依暄
富邦多元收益ⅢETF傘型基金之富邦彭博歐洲區美元7-15年期銀行債ETF基金,王素珍
富邦多元收益ⅢETF傘型基金之富邦中國以外新興市場美元5年以上投資等級債券ETF基金,洪珮甄
國泰泰享退系列2029目標日期組合基金,林庭妤
國泰泰享退系列2049目標日期組合基金,廖維苡
國泰泰享退系列2039目標日期組合基金,廖維苡
群益全民成長樂退組合基金,葉啟芳
群益全民安穩樂退組合基金,李運婷、林宗慧
群益全民優質樂退組合基金,葉啟芳
中國信託美國高評級市政債券ETF基金 (本子基金,辛忠駿
中國信託新興市場0-5年期美元政府債券ETF基金 (本子基金有 一定 比重投資於非投資等級之高風險債券 且基金,辛忠駿
中國信託新興亞洲(不含中國)美元精選綜合債券ETF基金 (本子基金有一定比重投資於非投資等級之高風險債券且基金,林施緯
景順十年到期特選新興債券基金,曾任平
台新SG全球AI機器人精選ETF基金,黃鈺民
元大臺灣ESG永續ETF基金,邱鉦淵
凱基臺灣多元收益多重資產基金,李怡勲
國泰道瓊工業平均指數單日正向2倍基金,蘇鼎宇
復華美元非投資等級債券指數基金,許忠成
復華5至10年期投資等級債券指數基金,劉昌祚
復華已開發國家300股票指數基金,吳允翔
統一彭博10年期以上Aa至A級美元優質公司債券ETF基金,許雅惠
統一全球智聯網AIoT基金,蘇柏勳
玉山美國投資級企業債券基金,張世東
永豐1至3年期美國公債ETF基金,王茗冠
永豐20年期以上美國公債ETF基金,林永祥
永豐美國大型500股票ETF基金,陳沛瑩
群益1-5年期投資等級公司債ETF基金,曾盈甄
群益全球策略收益金融債券基金A(累積型-新臺幣) (本子基金,徐建華
群益0-1年期美國政府債券ETF基金,李鈺涵
凱基收益成長多重資產基金,李怡勲
元大全球未來通訊ETF基金,方雅婷
第一金全球富裕國家債券基金,林邦傑
中國信託美國政府0至1年期債券ETF基金,蔡欣翰
中國信託10年期以上電信業美元公司債券ETF基金,張瓈尹
中國信託20年期以上BBB級美元公司債券ETF基金,尤詩敏
東方匯理實質收息多重資產基金,廖偉至
國泰美國收益傘型基金之美國短期公債ETF基金,陳韻竹
國泰美國收益傘型基金之美國多重收益平衡基金,范姜佩瑩
台新優質收益ETF傘型基金之台新15年期(以上)A-BBB美元電信債券ETF基金,張意聆
柏瑞新興動態多重資產基金,邱紹驊
宏利七年階梯到期新興市場債券基金,鍾美君
元大15年期以上新興市場主權債ETF基金,周宜縉
東方匯理新興市場非投資等級債券基金,劉佳雨
台新新興富域國家債券基金,尹晟龢
路博邁優質企業債券基金,鄭吉良
華南永昌低波動多重資產基金,申暉弘
國泰亞洲非投資等級債券基金,陳智傑
柏瑞ESG量化債券基金,施宜君
復華美國標普500低波動指數基金,吳允翔
復華新興亞洲3至10年期美元債券指數基金,劉昌祚
復華新興市場3年期以上美元主權及類主權債券指數基金,許忠成
匯豐成功基金,邵琮淳
元大台灣高股息優質龍頭基金,黃玉枝
大華銀七年到期新興市場債券基金,謝奕騰
國泰網路資安ETF基金,沈廷陽
永豐臺灣ESG永續優選基金,許書豪
台新新興短期非投資等級債券基金,張瑋芝
統一統信基金,楊雪幸
元大全球5G關鍵科技ETF基金,李政剛
聯博美國傘型基金之聯博美國多重資產收益基金,陳莉莉
聯博美國傘型基金之聯博美國成長入息基金,郭又語
中國信託亞太實質收息多重資產基金,鄭博森
瑞銀優質精選收益基金,鍾君長
合庫台灣高科技基金,陳元漢
瀚亞2030目標日期收益優化多重資產基金,杜振宇
復華中國5G通信ETF基金,吳允翔
安聯特別收益多重資產基金,林素萍
聯邦高息策略多重資產基金,伊依
街口中小型基金,吳帛亞
台新中國通基金,魏永祥
中國信託華盈貨幣市場基金,陳薏安
富邦貨幣市場基金,楊子慶
統一經建基金,楊孟喬
元大高科技基金,王寧毅
富邦上選基金,謝尚瑾
台新創新科技基金,沈建宏
富邦高成長基金,蕭宸謙(代理)
復華復華基金,呂宏宇
台新台灣中小基金,沈建宏
群益長安基金,陳朝政
永豐永豐基金,周力行
瀚亞中小型股基金,蒲大衛
元大經貿基金,許至豪
宏利萬利貨幣市場基金,陳培倫
富邦科技基金,林志邦(代理)
玉山中小型股基金,杜欣霈
瀚亞威寶貨幣市場基金,周曉蘭
兆豐台灣先進通訊基金,林天運
國泰台灣高股息傘型基金之台灣ESG永續高股息ETF基金,江宇騰
國泰台灣高股息傘型基金之台灣高股息基金,梁恩溢
大華銀新加坡房地產收益基金,陳玟伶
瑞銀2026年到期優選新興亞洲債券基金,黃子祐
凱基全球ESG永續非投資等級債券基金,蔡政賢
富邦台灣高股息基金,董士興
中國信託越南機會基金,張晨瑋
安聯新興債券收益組合基金,劉珉睿
東方匯理美元核心收益債券基金,邱奕仁
台新策略優選總回報非投資等級債券基金,賴哲夫
第一金全球Fitness健康瘦身基金,郭諺雅
第一金全球eSports電競基金,劉郁伶
景順2030優享樂活退休組合基金,彭雅賢
宏利實質多重資產基金,李育昇
路博邁ESG新興市場債券基金,鄭吉良
大華銀四至六年機動到期全球投資等級債券基金-TWD B (本子基金,謝奕騰
大華銀四至六年機動到期新興市場優質主權債券基金-TWD A (本子基金,謝奕騰
富蘭克林華美AI新科技基金,楊金峯
富邦長照產業收益不動產證券化基金,蕭智偉
柏瑞ESG量化多重資產基金,陳柏元
宏利全球非投資等級債券基金,鍾美君
國泰台灣科技龍頭ETF基金,蘇鼎宇
施羅德全週期成長多重資產基金,李馥吟
瀚亞三至六年到期新興市場收益機會債券基金,杜振宇
兆豐新興市場短期非投資等級債券基金,張嘉祐
台新ESG新興市場債券基金,尹晟龢
復華台灣好收益基金,顧克勤
瀚亞2031目標日期收益成長多重資產基金,杜振宇
台新琤肮鴔獂數基金,劉恆誌
瑞銀精選債券收益組合基金,鍾君長
第一金四至六年機動到期全球富裕國家投資級債券基金,林邦傑
中國信託15年期以上新興市場美元主權低碳債券ETF基金,辛忠駿
中國信託琤秅什穈牧悎余TF基金 (本子基金之配息來源可能為收益平準金且基金,葉松炫
東方匯理美國非投資等級債券基金,邱奕仁
凱基未來世代關鍵收息多重資產基金,馬承皓
大華銀亞洲ESG債券基金,謝奕騰
瑞銀2027年到期優選新興市場債券基金,黃子祐
永豐中國科技50大ETF基金,林永祥
永豐台灣ESG永續優質ETF基金,林永祥
柏瑞全球策略量化債券基金,陳柏元
永豐美國科技ETF基金,王茗冠
富邦富時越南ETF基金,陳仲愷
富邦台灣永續成長股息基金,蕭宸謙
凱基環球傘型基金之凱基 15 年期以上美元 BBB 級 ESG 永續公司債券 ETF 基金,劉書銘
凱基環球趨勢基金,黃廷偉
景順2031年樂活資產豐益組合基金,彭雅賢
玉山美元非投資等級債券基金,鄭宇君
野村特別時機非投資等級債券基金,郭臻臻
中國信託臺灣ESG永續關鍵半導體ETF基金,張圭慧
合庫樂活安養ESG穩健成長組合基金,張仲平
合庫樂活安養ESG積極成長組合基金,張仲平
匯豐ESG永續多元資產組合基金,何立凱
富邦台灣核心半導體ETF基金,陳双吉
宏利亞洲收益成長多重資產基金,陳培倫
景順三至六年機動到期優選新興債券基金,曾任平
國泰全球智能電動車ETF基金,游凱卉
台新ESG環保愛地球成長基金,高依暄
富達智慧醫療多重資產收益基金,陳晞倫
富達未來通訊多重資產收益基金,陳晞倫
野村全球正向效應成長基金,沈思瑩、劉佳奇
合庫全球醫療照護產業多重資產收益基金,延任
玉山四到六年機動到期新興金融基礎建設債券基金,鄭宇君
柏瑞ESG量化全球股票收益基金,方定宇
富邦未來車ETF基金,王素珍
中國信託特選小資高價30ETF基金,韓聖弘
凱基新興市場ESG永續主題債券基金,蔡政賢
兆豐台灣金傳精選股息基金,王仲良
台新中國政策趨勢基金,游欣穎
中國信託臺灣綠能及電動車ETF基金,張苡琤
路博邁全球策略收益債券基金,鄭吉良
富邦基因免疫生技ETF基金,陳婉寧
聯邦低碳目標多重資產基金,黃耀德
國泰全球基因免疫與醫療革命ETF基金,林淑娟
富邦越南機會基金,蔡宗和
玉山全球新供應鏈基金,常李奕翰
路博邁顛覆式創新股票基金,王昱如
富蘭克林華美全球潔淨能源ETF基金,江明鴻
中國信託科技趨勢多重資產基金,楊士醇
富邦特選台灣高股息30ETF基金,洪珮甄
東方匯理全球投資等級綠色債券基金,劉佳雨
永豐台灣智能車供應鏈ETF基金,王茗冠
柏瑞趨勢動態多重資產基金,連伯瑋
宏利全球科技基金,劉柏廷
國泰美國ESG基金,林楷潔
中國信託電池及儲能科技ETF基金,施絜心
富邦元宇宙ETF基金,王辰方
富蘭克林華美生技基金,游信凱
野村全球基礎建設大未來基金,黃鈺文
台新臺灣全市場半導體精選30ETF基金,黃鈺民
凱基未來移動基金,吳志文
富蘭克林華美臺灣Smart ETF基金,江明鴻
富達永續減碳商機多重資產收益基金,劉敏俐
合庫2032目標日期多重資產收益基金,王慎中
第一金台灣核心戰略建設基金,張正中
兆豐全球元宇宙科技基金,王仲良
中國信託 ESG 碳商機多重資產基金,羅世明
合庫全球核心基礎建設收益基金,張仲平
貝萊德環球動態趨勢多元資產組合基金,李珈蕙
富邦全球入息不動產與基礎建設ETF基金,蘇筱婷
永豐台灣優選入息存股ETF基金,沈裕鈜
台中銀台灣優息基金,廖采薇
富達永續全球股票收益基金,翁林瑋
第一金太空衛星ETF基金,曾萬勝
台新臺灣高股息基金,沈建宏
國泰全球數位支付服務ETF基金,楊庭杰
兆豐洲際半導體ETF基金,詹佳峯
玉山全球生態友善ESG多重資產基金,曾訓億
中國信託臺灣智慧50ETF基金,韓聖弘
聯邦民生基礎建設股票入息基金,黃耀德
元大全球優質龍頭平衡基金,江怡婷
兆豐特選台灣晶圓製造ETF基金,吳朋鴻
永豐ESG全球數位基礎建設基金,許書豪
富邦台美雙星多重資產基金,薛博升(核心經理人) 高晧欣(協管經理人，管理類別:1)
凱基台灣優選高股息30 ETF基金,李郁馨
國泰全球品牌50ETF基金,李翰林
台新美國策略時機非投資等級債券基金,張瑋芝
中國信託特選金融及數據ETF基金,張苡琤
大華銀台灣優選股利高填息30ETF基金,郭修誠
宏利數位基礎設施多重資產基金,鍾美君
群益台灣精選高息ETF基金,謝明志
凱基未來樂活多重資產基金,李怡勲
瑞銀全球永續組合基金,陳碩存
東方匯理先進醫療科技多重資產基金,張華宇
富邦全球ESG綠色電力ETF基金,洪珮甄
國泰美國優質債券基金,鄭易芸
元大0至2年投資級企業債券基金,陳慕忻
元大2至10年投資級企業債券基金,陳熙文
元大10年以上投資級企業債券基金,陳熙文
施羅德全週期動態多元資產組合基金,陳雅真
柏瑞ESG減碳全球股票基金,方定宇
兆豐新加坡交易所房地產收益基金,林祖延
華南永昌台灣環境永續高股息指數基金,蔣松原
群益智慧聯網電動車基金,洪玉婷
中國信託ESG金融收益多重資產基金,李盈樺
大華銀六年期美元保本基金,謝奕騰
聯博四年到期全球美元債券基金,陳莉莉
野村環球時機多重資產基金,高君逸
兆豐台灣產業龍頭存股等權重ETF基金,吳朋鴻
國泰四年到期成熟市場投資等級債券基金,吳艷琴
群益台灣ESG低碳50ETF基金,邱郁茹
國泰台灣領袖 50 ETF 基金,蘇鼎宇
台新全球多重資產基金,謝夢蘭
復華美國標普500成長ETF基金,吳允翔
匯豐全球基礎建設收益基金,魏筱倫
富蘭克林華美全球基礎建設收益基金,楊佩諭
兆豐日本優勢多重資產基金,楊寳杉
柏瑞利率對策多重資產基金,連伯瑋
永豐全球基礎建設及公用事業投資等級債券基金,陳雅筑
凱基全球菁英55 ETF基金,李郁馨
群益台灣半導體收益ETF基金,謝明志
中國信託上櫃ESG 30 ETF基金,張圭慧
復華台灣科技優息ETF基金,許忠成
華南永昌全球投資等級債券基金,黃威凱
元大多多基金,鄧凱元
統一黑馬基金,尤文毅
富邦精準基金,王俊穎
瀚亞高科技基金,劉家宏
摩根新興日本基金,蓋欣聖
富邦長紅基金,張珈維
摩根新興科技基金,葉鴻儒
瀚亞外銷基金,姚宗宏
統一龍馬基金,莊承憲
玉山金滿意基金,郭明玉
統一強棒貨幣市場基金,陳勇徵
元大得利貨幣市場基金,黃秀燕
匯豐龍騰電子基金,趙御雲
景順潛力基金,鄭宗豪
摩根亞洲基金,魏伯宇
野村貨幣市場基金,郭臻臻
景順貨幣市場基金,曾任平
元大卓越基金,李振南
群益中小型股基金,周立民
玉山亞太基金,曾訓億
野村策略轉機多重資產基金,黃奕捷
台新四年到期美國投資等級債券基金,蘇倚萱
元大日本龍頭企業基金,林宗賢(核心經理人) 林鈺棠(協管經理人，管理類別:1)
聯邦臺灣精選收益多重資產基金,林建良
凱基實質收息多重資產基金,馬承皓
東方匯理創新趨勢多重資產基金,張華宇
永豐台灣ESG低碳高息40ETF基金,王茗冠
統一彭博美國20年期以上公債ETF基金,許雅惠
兆豐收益增長多重資產基金,高銘輝
中國信託成長轉機多重資產基金,楊士醇
統一台灣高息優選基金,陳釧瑤
兆豐台灣ESG永續高股息等權重 ETF 基金,林佳穎
柏瑞科技多重資產基金,邱紹驊
大華銀全球短年期投資等級債券基金,謝奕騰
台新靈活入息債券基金,尹晟龢
群益優化收益成長多重資產基金,蔡詠裕
國泰10年以上投資級金融債券ETF基金,鄭凱允
永豐四年到期美國優質投資等級債券基金,吳如玉
中國信託臺灣優選成長高股息ETF基金,張圭慧
台新臺灣永續高息中小型ETF基金,黃鈺民
華南永昌未來科技基金,張瀚宇
兆豐全球債券ETF策略收益組合基金,張嘉祐
復華三至八年機動到期A級債券美元基金,李彥陞
復華三至八年機動到期A級債券台幣基金,吳宜潔
野村臺灣創新科技50ETF基金,林怡君
東方匯理全球淨零碳排企業債券基金,劉佳雨
第一金全球永續影響力投資多重資產基金,王宇
群益ESG 20年期以上BBB投資等級公司債ETF基金,曾盈甄
富蘭克林華美優選非投資等級債券基金,余冠廷
凱基台灣優選30 ETF基金,李郁馨
路博邁ESG優選平衡基金,王昱如、鄭吉良(協管經理人，管理類別:2)
東方匯理CIO精選收益基金,曾咨瑋
元大台灣高股息低波動ETF連結基金,張明珠
元大臺灣ESG永續ETF連結基金,邱鉦淵
統一台灣高息動能ETF基金,林良一
群益時機對策非投資等級債券基金,李運婷
元大臺灣價值高息ETF基金,邱鉦淵
中國信託上游半導體ETF基金,葉松炫
台新美國20年期以上A級公司債券ETF基金,王惜安
兆豐台灣電子成長高息等權重ETF基金,吳朋鴻
復華台灣科技高股息基金,戎宜蘋
野村臺灣趨勢動能高股息ETF基金,林怡君
富邦全球關鍵半導體基金,王威傑
凱基美國優選收益非投資等級債券ETF基金,王韻茹
群益台灣科技高息成長ETF基金,洪祥益
永豐創新醫療多重資產基金,陳世杰
台新臺灣IC設計動能ETF基金,黃鈺民
聯邦美國優選投資等級債券基金,余政民
中國信託高評級策略收益債券基金,房旼
中國信託15年期以上已開發市場投資級優化收益ESG美元公司債券ETF基金 (本子基金,張瓈尹
匯豐超核心多重資產基金,楊博翔
復華日本護城河優勢龍頭企業ETF基金,劉昌祚
野村全球高股息基金,劉佳奇
富邦新台商基金,謝尚瑾
華南永昌鳳翔貨幣市場基金,鄭鼎芝
台中銀大發基金,王欣群
統一中小基金,莊承憲
玉山貨幣市場基金,鄭宇君
群益安穩貨幣市場基金,呂鴻德
富邦吉祥貨幣市場基金,楊珮汝
群益馬拉松基金,陳沅易
台新吉星貨幣市場基金,蘇倚萱
玉山店頭市場基金,郭明玉
瀚亞菁華基金,葉彥廷
摩根第一貨幣市場基金,郭世宗
景順全球科技基金,蕭若梅
聯博大利基金,郭又語
摩根龍揚基金,吳昱聰
聯邦金鑽平衡基金,林建良
玉山全球中小基金,王翔慧
元大台灣卓越50基金,陳重銓
復華全球平衡基金,胡家菱
摩根全球平衡基金,郭世宗(核心經理人) 黃銘功(協管經理人，管理類別:1)
元大台灣加權股價指數基金,曾逸江
柏瑞旗艦全球平衡組合基金,方奕翔
第一金中概平衡基金,鄭國華
野村鑫平衡組合基金,李雅婷
復華神盾基金,趙建彰
德銀遠東DWS全球原物料能源基金,劉坤儒
瀚亞股債入息組合基金,鄭夙希
元大全球ETF穩健組合基金,曾妙蓮
野村台灣高股息基金,姜柏全
安聯全球新興市場基金,林孟洼
復華奧林匹克全球組合基金,王品昕
富邦全球不動產基金,朱家玄
富達卓越領航全球組合基金,陳晞倫
